,joueur,poste,saison,occurence_titre,occurence_texte,tracé_titre
0,Abendanon,Arrière,2008-2009,0,0,1
1,Abendanon,Arrière,2009-2010,0,0,1
2,Abendanon,Arrière,2010-2011,0,0,1
3,Abendanon,Arrière,2011-2012,0,0,1
4,Abendanon,Arrière,2012-2013,0,0,1
5,Abendanon,Arrière,2013-2014,2,9,21
6,Abendanon,Arrière,2014-2015,1,106,11
7,Abendanon,Arrière,2015-2016,8,125,81
8,Abendanon,Arrière,2016-2017,3,97,31
9,Abendanon,Arrière,2017-2018,2,88,21
10,Abendanon,Arrière,2018-2019,4,47,41
11,Abendanon,Arrière,2019-2020,2,51,21
12,Abendanon,Arrière,2020-2021,0,0,1
13,Abendanon,Arrière,2021-2022,0,0,1
14,Audebert,Avant,2008-2009,0,76,1
15,Audebert,Avant,2009-2010,0,69,1
16,Audebert,Avant,2010-2011,1,53,11
17,Audebert,Avant,2011-2012,1,51,11
18,Audebert,Avant,2012-2013,0,5,1
19,Audebert,Avant,2013-2014,0,5,1
20,Audebert,Avant,2014-2015,0,1,1
21,Audebert,Avant,2015-2016,0,3,1
22,Audebert,Avant,2016-2017,0,0,1
23,Audebert,Avant,2017-2018,0,2,1
24,Audebert,Avant,2018-2019,0,0,1
25,Audebert,Avant,2019-2020,0,1,1
26,Audebert,Avant,2020-2021,0,0,1
27,Audebert,Avant,2021-2022,0,0,1
28,Baby,Arrière,2008-2009,2,98,21
29,Baby,Arrière,2009-2010,3,68,31
30,Baby,Arrière,2010-2011,1,54,11
31,Baby,Arrière,2011-2012,0,3,1
32,Baby,Arrière,2012-2013,0,6,1
33,Baby,Arrière,2013-2014,0,5,1
34,Baby,Arrière,2014-2015,0,2,1
35,Baby,Arrière,2015-2016,0,2,1
36,Baby,Arrière,2016-2017,0,0,1
37,Baby,Arrière,2017-2018,0,2,1
38,Baby,Arrière,2018-2019,0,0,1
39,Baby,Arrière,2019-2020,0,1,1
40,Baby,Arrière,2020-2021,0,1,1
41,Baby,Arrière,2021-2022,0,2,1
42,Bardy,Avant,2008-2009,0,4,1
43,Bardy,Avant,2009-2010,0,41,1
44,Bardy,Avant,2010-2011,2,36,21
45,Bardy,Avant,2011-2012,2,69,21
46,Bardy,Avant,2012-2013,3,90,31
47,Bardy,Avant,2013-2014,2,99,21
48,Bardy,Avant,2014-2015,6,98,61
49,Bardy,Avant,2015-2016,3,57,31
50,Bardy,Avant,2016-2017,3,49,31
51,Bardy,Avant,2017-2018,0,3,1
52,Bardy,Avant,2018-2019,0,3,1
53,Bardy,Avant,2019-2020,0,1,1
54,Bardy,Avant,2020-2021,0,1,1
55,Bardy,Avant,2021-2022,0,0,1
56,Barraque,Arrière,2008-2009,0,0,1
57,Barraque,Arrière,2009-2010,0,0,1
58,Barraque,Arrière,2010-2011,0,7,1
59,Barraque,Arrière,2011-2012,0,2,1
60,Barraque,Arrière,2012-2013,0,4,1
61,Barraque,Arrière,2013-2014,0,2,1
62,Barraque,Arrière,2014-2015,0,2,1
63,Barraque,Arrière,2015-2016,0,1,1
64,Barraque,Arrière,2016-2017,0,0,1
65,Barraque,Arrière,2017-2018,0,1,1
66,Barraque,Arrière,2018-2019,0,0,1
67,Barraque,Arrière,2019-2020,0,0,1
68,Barraque,Arrière,2020-2021,6,69,61
69,Barraque,Arrière,2021-2022,5,40,51
70,Baï,Arrière,2008-2009,0,59,1
71,Baï,Arrière,2009-2010,0,72,1
72,Baï,Arrière,2010-2011,0,3,1
73,Baï,Arrière,2011-2012,0,8,1
74,Baï,Arrière,2012-2013,0,7,1
75,Baï,Arrière,2013-2014,0,2,1
76,Baï,Arrière,2014-2015,0,1,1
77,Baï,Arrière,2015-2016,0,0,1
78,Baï,Arrière,2016-2017,0,1,1
79,Baï,Arrière,2017-2018,0,1,1
80,Baï,Arrière,2018-2019,0,0,1
81,Baï,Arrière,2019-2020,0,0,1
82,Baï,Arrière,2020-2021,0,0,1
83,Baï,Arrière,2021-2022,0,0,1
84,Beheregaray,Avant,2008-2009,0,0,1
85,Beheregaray,Avant,2009-2010,0,0,1
86,Beheregaray,Avant,2010-2011,0,0,1
87,Beheregaray,Avant,2011-2012,0,0,1
88,Beheregaray,Avant,2012-2013,0,0,1
89,Beheregaray,Avant,2013-2014,0,1,1
90,Beheregaray,Avant,2014-2015,0,1,1
91,Beheregaray,Avant,2015-2016,0,4,1
92,Beheregaray,Avant,2016-2017,3,45,31
93,Beheregaray,Avant,2017-2018,0,50,1
94,Beheregaray,Avant,2018-2019,1,46,11
95,Beheregaray,Avant,2019-2020,2,30,21
96,Beheregaray,Avant,2020-2021,1,32,11
97,Beheregaray,Avant,2021-2022,0,43,1
98,Beria,Avant,2008-2009,0,0,1
99,Beria,Avant,2009-2010,0,0,1
100,Beria,Avant,2010-2011,0,0,1
101,Beria,Avant,2011-2012,0,0,1
102,Beria,Avant,2012-2013,0,0,1
103,Beria,Avant,2013-2014,0,0,1
104,Beria,Avant,2014-2015,0,0,1
105,Beria,Avant,2015-2016,0,0,1
106,Beria,Avant,2016-2017,0,1,1
107,Beria,Avant,2017-2018,0,3,1
108,Beria,Avant,2018-2019,0,14,1
109,Beria,Avant,2019-2020,0,20,1
110,Beria,Avant,2020-2021,0,29,1
111,Beria,Avant,2021-2022,0,18,1
112,Betham,Arrière,2008-2009,0,0,1
113,Betham,Arrière,2009-2010,0,0,1
114,Betham,Arrière,2010-2011,0,0,1
115,Betham,Arrière,2011-2012,0,0,1
116,Betham,Arrière,2012-2013,0,0,1
117,Betham,Arrière,2013-2014,0,0,1
118,Betham,Arrière,2014-2015,0,0,1
119,Betham,Arrière,2015-2016,0,0,1
120,Betham,Arrière,2016-2017,1,5,11
121,Betham,Arrière,2017-2018,3,86,31
122,Betham,Arrière,2018-2019,3,124,31
123,Betham,Arrière,2019-2020,0,43,1
124,Betham,Arrière,2020-2021,1,59,11
125,Betham,Arrière,2021-2022,0,0,1
126,Bibi Bizuwu,Avant,2008-2009,0,0,1
127,Bibi Bizuwu,Avant,2009-2010,0,0,1
128,Bibi Bizuwu,Avant,2010-2011,0,0,1
129,Bibi Bizuwu,Avant,2011-2012,0,0,1
130,Bibi Bizuwu,Avant,2012-2013,0,0,1
131,Bibi Bizuwu,Avant,2013-2014,0,0,1
132,Bibi Bizuwu,Avant,2014-2015,0,0,1
133,Bibi Bizuwu,Avant,2015-2016,0,0,1
134,Bibi Bizuwu,Avant,2016-2017,0,0,1
135,Bibi Bizuwu,Avant,2017-2018,0,0,1
136,Bibi Bizuwu,Avant,2018-2019,0,0,1
137,Bibi Bizuwu,Avant,2019-2020,0,0,1
138,Bibi Bizuwu,Avant,2020-2021,0,0,1
139,Bibi Bizuwu,Avant,2021-2022,0,0,1
140,Bonnaire,Avant,2008-2009,2,91,21
141,Bonnaire,Avant,2009-2010,2,106,21
142,Bonnaire,Avant,2010-2011,1,92,11
143,Bonnaire,Avant,2011-2012,1,84,11
144,Bonnaire,Avant,2012-2013,3,102,31
145,Bonnaire,Avant,2013-2014,3,134,31
146,Bonnaire,Avant,2014-2015,2,112,21
147,Bonnaire,Avant,2015-2016,0,8,1
148,Bonnaire,Avant,2016-2017,2,10,21
149,Bonnaire,Avant,2017-2018,0,1,1
150,Bonnaire,Avant,2018-2019,0,1,1
151,Bonnaire,Avant,2019-2020,1,3,11
152,Bonnaire,Avant,2020-2021,0,1,1
153,Bonnaire,Avant,2021-2022,0,0,1
154,Bruzulier,Charnière,2008-2009,0,0,1
155,Bruzulier,Charnière,2009-2010,0,0,1
156,Bruzulier,Charnière,2010-2011,0,0,1
157,Bruzulier,Charnière,2011-2012,0,0,1
158,Bruzulier,Charnière,2012-2013,0,0,1
159,Bruzulier,Charnière,2013-2014,0,0,1
160,Bruzulier,Charnière,2014-2015,0,0,1
161,Bruzulier,Charnière,2015-2016,0,19,1
162,Bruzulier,Charnière,2016-2017,0,0,1
163,Bruzulier,Charnière,2017-2018,0,0,1
164,Bruzulier,Charnière,2018-2019,0,0,1
165,Bruzulier,Charnière,2019-2020,0,0,1
166,Bruzulier,Charnière,2020-2021,0,0,1
167,Bruzulier,Charnière,2021-2022,0,0,1
168,Buttin,Arrière,2008-2009,0,0,1
169,Buttin,Arrière,2009-2010,0,6,1
170,Buttin,Arrière,2010-2011,3,39,31
171,Buttin,Arrière,2011-2012,2,109,21
172,Buttin,Arrière,2012-2013,3,97,31
173,Buttin,Arrière,2013-2014,0,84,1
174,Buttin,Arrière,2014-2015,2,59,21
175,Buttin,Arrière,2015-2016,1,13,11
176,Buttin,Arrière,2016-2017,1,19,11
177,Buttin,Arrière,2017-2018,0,6,1
178,Buttin,Arrière,2018-2019,0,3,1
179,Buttin,Arrière,2019-2020,0,2,1
180,Buttin,Arrière,2020-2021,1,4,11
181,Buttin,Arrière,2021-2022,0,0,1
182,Byrne,Arrière,2008-2009,0,0,1
183,Byrne,Arrière,2009-2010,0,4,1
184,Byrne,Arrière,2010-2011,1,10,11
185,Byrne,Arrière,2011-2012,4,79,41
186,Byrne,Arrière,2012-2013,3,72,31
187,Byrne,Arrière,2013-2014,0,83,1
188,Byrne,Arrière,2014-2015,0,4,1
189,Byrne,Arrière,2015-2016,0,1,1
190,Byrne,Arrière,2016-2017,0,4,1
191,Byrne,Arrière,2017-2018,0,0,1
192,Byrne,Arrière,2018-2019,0,0,1
193,Byrne,Arrière,2019-2020,0,1,1
194,Byrne,Arrière,2020-2021,0,4,1
195,Byrne,Arrière,2021-2022,0,0,1
196,Bézy,Charnière,2008-2009,0,0,1
197,Bézy,Charnière,2009-2010,0,0,1
198,Bézy,Charnière,2010-2011,0,6,1
199,Bézy,Charnière,2011-2012,0,1,1
200,Bézy,Charnière,2012-2013,0,1,1
201,Bézy,Charnière,2013-2014,0,2,1
202,Bézy,Charnière,2014-2015,0,3,1
203,Bézy,Charnière,2015-2016,0,14,1
204,Bézy,Charnière,2016-2017,0,6,1
205,Bézy,Charnière,2017-2018,0,1,1
206,Bézy,Charnière,2018-2019,0,1,1
207,Bézy,Charnière,2019-2020,2,8,21
208,Bézy,Charnière,2020-2021,3,96,31
209,Bézy,Charnière,2021-2022,0,39,1
210,Cabello,Avant,2008-2009,0,44,1
211,Cabello,Avant,2009-2010,2,55,21
212,Cabello,Avant,2010-2011,1,6,11
213,Cabello,Avant,2011-2012,0,22,1
214,Cabello,Avant,2012-2013,2,36,21
215,Cabello,Avant,2013-2014,0,47,1
216,Cabello,Avant,2014-2015,0,3,1
217,Cabello,Avant,2015-2016,0,0,1
218,Cabello,Avant,2016-2017,0,0,1
219,Cabello,Avant,2017-2018,0,0,1
220,Cabello,Avant,2018-2019,0,0,1
221,Cabello,Avant,2019-2020,0,0,1
222,Cabello,Avant,2020-2021,0,0,1
223,Cabello,Avant,2021-2022,0,0,1
224,Canale,Arrière,2008-2009,0,56,1
225,Canale,Arrière,2009-2010,3,78,31
226,Canale,Arrière,2010-2011,5,76,51
227,Canale,Arrière,2011-2012,3,48,31
228,Canale,Arrière,2012-2013,0,1,1
229,Canale,Arrière,2013-2014,0,0,1
230,Canale,Arrière,2014-2015,0,2,1
231,Canale,Arrière,2015-2016,0,0,1
232,Canale,Arrière,2016-2017,0,0,1
233,Canale,Arrière,2017-2018,0,0,1
234,Canale,Arrière,2018-2019,0,0,1
235,Canale,Arrière,2019-2020,0,1,1
236,Canale,Arrière,2020-2021,0,0,1
237,Canale,Arrière,2021-2022,0,0,1
238,Cancoriet,Avant,2008-2009,0,0,1
239,Cancoriet,Avant,2009-2010,0,0,1
240,Cancoriet,Avant,2010-2011,0,0,1
241,Cancoriet,Avant,2011-2012,0,0,1
242,Cancoriet,Avant,2012-2013,0,0,1
243,Cancoriet,Avant,2013-2014,0,0,1
244,Cancoriet,Avant,2014-2015,1,7,11
245,Cancoriet,Avant,2015-2016,3,46,31
246,Cancoriet,Avant,2016-2017,3,83,31
247,Cancoriet,Avant,2017-2018,5,87,51
248,Cancoriet,Avant,2018-2019,4,88,41
249,Cancoriet,Avant,2019-2020,1,46,11
250,Cancoriet,Avant,2020-2021,1,72,11
251,Cancoriet,Avant,2021-2022,0,36,1
252,Cassang,Charnière,2008-2009,0,0,1
253,Cassang,Charnière,2009-2010,0,0,1
254,Cassang,Charnière,2010-2011,0,0,1
255,Cassang,Charnière,2011-2012,0,0,1
256,Cassang,Charnière,2012-2013,0,0,1
257,Cassang,Charnière,2013-2014,0,1,1
258,Cassang,Charnière,2014-2015,0,4,1
259,Cassang,Charnière,2015-2016,0,8,1
260,Cassang,Charnière,2016-2017,3,54,31
261,Cassang,Charnière,2017-2018,2,30,21
262,Cassang,Charnière,2018-2019,0,65,1
263,Cassang,Charnière,2019-2020,2,29,21
264,Cassang,Charnière,2020-2021,0,0,1
265,Cassang,Charnière,2021-2022,0,0,1
266,Chaume,Avant,2008-2009,0,1,1
267,Chaume,Avant,2009-2010,0,0,1
268,Chaume,Avant,2010-2011,0,9,1
269,Chaume,Avant,2011-2012,0,34,1
270,Chaume,Avant,2012-2013,2,57,21
271,Chaume,Avant,2013-2014,0,51,1
272,Chaume,Avant,2014-2015,3,63,31
273,Chaume,Avant,2015-2016,3,83,31
274,Chaume,Avant,2016-2017,3,69,31
275,Chaume,Avant,2017-2018,1,67,11
276,Chaume,Avant,2018-2019,0,4,1
277,Chaume,Avant,2019-2020,0,2,1
278,Chaume,Avant,2020-2021,0,3,1
279,Chaume,Avant,2021-2022,0,0,1
280,Chouly,Avant,2008-2009,0,4,1
281,Chouly,Avant,2009-2010,0,11,1
282,Chouly,Avant,2010-2011,0,7,1
283,Chouly,Avant,2011-2012,1,15,11
284,Chouly,Avant,2012-2013,1,118,11
285,Chouly,Avant,2013-2014,1,158,11
286,Chouly,Avant,2014-2015,6,182,61
287,Chouly,Avant,2015-2016,9,155,91
288,Chouly,Avant,2016-2017,3,136,31
289,Chouly,Avant,2017-2018,3,69,31
290,Chouly,Avant,2018-2019,1,87,11
291,Chouly,Avant,2019-2020,0,1,1
292,Chouly,Avant,2020-2021,0,2,1
293,Chouly,Avant,2021-2022,0,3,1
294,Clément Lanen,Avant,2008-2009,0,0,1
295,Clément Lanen,Avant,2009-2010,0,0,1
296,Clément Lanen,Avant,2010-2011,0,0,1
297,Clément Lanen,Avant,2011-2012,0,0,1
298,Clément Lanen,Avant,2012-2013,0,0,1
299,Clément Lanen,Avant,2013-2014,0,0,1
300,Clément Lanen,Avant,2014-2015,0,0,1
301,Clément Lanen,Avant,2015-2016,0,0,1
302,Clément Lanen,Avant,2016-2017,0,0,1
303,Clément Lanen,Avant,2017-2018,0,0,1
304,Clément Lanen,Avant,2018-2019,0,0,1
305,Clément Lanen,Avant,2019-2020,0,8,1
306,Clément Lanen,Avant,2020-2021,0,10,1
307,Clément Lanen,Avant,2021-2022,0,4,1
308,Clément Ric,Avant,2008-2009,0,6,1
309,Clément Ric,Avant,2009-2010,0,20,1
310,Clément Ric,Avant,2010-2011,1,32,11
311,Clément Ric,Avant,2011-2012,1,28,11
312,Clément Ric,Avant,2012-2013,2,21,21
313,Clément Ric,Avant,2013-2014,0,40,1
314,Clément Ric,Avant,2014-2015,1,55,11
315,Clément Ric,Avant,2015-2016,2,44,21
316,Clément Ric,Avant,2016-2017,1,37,11
317,Clément Ric,Avant,2017-2018,0,3,1
318,Clément Ric,Avant,2018-2019,0,1,1
319,Clément Ric,Avant,2019-2020,0,1,1
320,Clément Ric,Avant,2020-2021,0,1,1
321,Clément Ric,Avant,2021-2022,0,0,1
322,Combezou,Arrière,2008-2009,0,16,1
323,Combezou,Arrière,2009-2010,0,0,1
324,Combezou,Arrière,2010-2011,0,5,1
325,Combezou,Arrière,2011-2012,0,3,1
326,Combezou,Arrière,2012-2013,0,6,1
327,Combezou,Arrière,2013-2014,0,2,1
328,Combezou,Arrière,2014-2015,0,7,1
329,Combezou,Arrière,2015-2016,0,1,1
330,Combezou,Arrière,2016-2017,0,5,1
331,Combezou,Arrière,2017-2018,0,4,1
332,Combezou,Arrière,2018-2019,0,3,1
333,Combezou,Arrière,2019-2020,0,2,1
334,Combezou,Arrière,2020-2021,0,2,1
335,Combezou,Arrière,2021-2022,0,2,1
336,Creevy,Avant,2008-2009,0,0,1
337,Creevy,Avant,2009-2010,0,0,1
338,Creevy,Avant,2010-2011,1,10,11
339,Creevy,Avant,2011-2012,0,4,1
340,Creevy,Avant,2012-2013,0,4,1
341,Creevy,Avant,2013-2014,0,0,1
342,Creevy,Avant,2014-2015,0,0,1
343,Creevy,Avant,2015-2016,0,0,1
344,Creevy,Avant,2016-2017,0,0,1
345,Creevy,Avant,2017-2018,0,0,1
346,Creevy,Avant,2018-2019,0,0,1
347,Creevy,Avant,2019-2020,0,0,1
348,Creevy,Avant,2020-2021,0,0,1
349,Creevy,Avant,2021-2022,0,0,1
350,Cudmore,Avant,2008-2009,2,44,21
351,Cudmore,Avant,2009-2010,1,98,11
352,Cudmore,Avant,2010-2011,1,63,11
353,Cudmore,Avant,2011-2012,2,48,21
354,Cudmore,Avant,2012-2013,2,92,21
355,Cudmore,Avant,2013-2014,2,89,21
356,Cudmore,Avant,2014-2015,2,94,21
357,Cudmore,Avant,2015-2016,12,86,121
358,Cudmore,Avant,2016-2017,1,1,11
359,Cudmore,Avant,2017-2018,0,0,1
360,Cudmore,Avant,2018-2019,0,3,1
361,Cudmore,Avant,2019-2020,0,1,1
362,Cudmore,Avant,2020-2021,0,0,1
363,Cudmore,Avant,2021-2022,0,0,1
364,Davies,Arrière,2008-2009,0,5,1
365,Davies,Arrière,2009-2010,0,7,1
366,Davies,Arrière,2010-2011,0,0,1
367,Davies,Arrière,2011-2012,0,7,1
368,Davies,Arrière,2012-2013,0,14,1
369,Davies,Arrière,2013-2014,2,26,21
370,Davies,Arrière,2014-2015,3,107,31
371,Davies,Arrière,2015-2016,4,84,41
372,Davies,Arrière,2016-2017,0,4,1
373,Davies,Arrière,2017-2018,0,8,1
374,Davies,Arrière,2018-2019,0,3,1
375,Davies,Arrière,2019-2020,0,3,1
376,Davies,Arrière,2020-2021,0,0,1
377,Davies,Arrière,2021-2022,0,0,1
378,Davison,Avant,2008-2009,1,17,11
379,Davison,Avant,2009-2010,0,0,1
380,Davison,Avant,2010-2011,0,0,1
381,Davison,Avant,2011-2012,0,0,1
382,Davison,Avant,2012-2013,0,0,1
383,Davison,Avant,2013-2014,0,0,1
384,Davison,Avant,2014-2015,0,0,1
385,Davison,Avant,2015-2016,0,0,1
386,Davison,Avant,2016-2017,0,0,1
387,Davison,Avant,2017-2018,0,0,1
388,Davison,Avant,2018-2019,0,0,1
389,Davison,Avant,2019-2020,0,0,1
390,Davison,Avant,2020-2021,0,0,1
391,Davison,Avant,2021-2022,0,0,1
392,Debaty,Avant,2008-2009,0,44,1
393,Debaty,Avant,2009-2010,0,66,1
394,Debaty,Avant,2010-2011,0,69,1
395,Debaty,Avant,2011-2012,1,66,11
396,Debaty,Avant,2012-2013,2,113,21
397,Debaty,Avant,2013-2014,1,104,11
398,Debaty,Avant,2014-2015,7,109,71
399,Debaty,Avant,2015-2016,6,80,61
400,Debaty,Avant,2016-2017,2,38,21
401,Debaty,Avant,2017-2018,1,7,11
402,Debaty,Avant,2018-2019,0,1,1
403,Debaty,Avant,2019-2020,0,3,1
404,Debaty,Avant,2020-2021,0,0,1
405,Debaty,Avant,2021-2022,0,0,1
406,Delany,Charnière,2008-2009,0,0,1
407,Delany,Charnière,2009-2010,0,0,1
408,Delany,Charnière,2010-2011,0,0,1
409,Delany,Charnière,2011-2012,0,0,1
410,Delany,Charnière,2012-2013,5,43,51
411,Delany,Charnière,2013-2014,0,77,1
412,Delany,Charnière,2014-2015,2,61,21
413,Delany,Charnière,2015-2016,0,0,1
414,Delany,Charnière,2016-2017,0,0,1
415,Delany,Charnière,2017-2018,0,0,1
416,Delany,Charnière,2018-2019,0,0,1
417,Delany,Charnière,2019-2020,0,0,1
418,Delany,Charnière,2020-2021,0,1,1
419,Delany,Charnière,2021-2022,0,0,1
420,Dessaigne,Avant,2008-2009,0,0,1
421,Dessaigne,Avant,2009-2010,0,0,1
422,Dessaigne,Avant,2010-2011,0,0,1
423,Dessaigne,Avant,2011-2012,0,0,1
424,Dessaigne,Avant,2012-2013,0,0,1
425,Dessaigne,Avant,2013-2014,0,0,1
426,Dessaigne,Avant,2014-2015,0,0,1
427,Dessaigne,Avant,2015-2016,0,1,1
428,Dessaigne,Avant,2016-2017,0,2,1
429,Dessaigne,Avant,2017-2018,0,0,1
430,Dessaigne,Avant,2018-2019,0,2,1
431,Dessaigne,Avant,2019-2020,0,6,1
432,Dessaigne,Avant,2020-2021,1,27,11
433,Dessaigne,Avant,2021-2022,1,25,11
434,Domingo,Avant,2008-2009,0,67,1
435,Domingo,Avant,2009-2010,2,103,21
436,Domingo,Avant,2010-2011,5,87,51
437,Domingo,Avant,2011-2012,2,44,21
438,Domingo,Avant,2012-2013,1,101,11
439,Domingo,Avant,2013-2014,1,123,11
440,Domingo,Avant,2014-2015,3,108,31
441,Domingo,Avant,2015-2016,5,85,51
442,Domingo,Avant,2016-2017,4,45,41
443,Domingo,Avant,2017-2018,1,8,11
444,Domingo,Avant,2018-2019,0,6,1
445,Domingo,Avant,2019-2020,0,3,1
446,Domingo,Avant,2020-2021,1,4,11
447,Domingo,Avant,2021-2022,0,0,1
448,Emmanuel Etien,Avant,2008-2009,0,20,1
449,Emmanuel Etien,Avant,2009-2010,0,1,1
450,Emmanuel Etien,Avant,2010-2011,0,0,1
451,Emmanuel Etien,Avant,2011-2012,0,0,1
452,Emmanuel Etien,Avant,2012-2013,0,0,1
453,Emmanuel Etien,Avant,2013-2014,0,0,1
454,Emmanuel Etien,Avant,2014-2015,0,0,1
455,Emmanuel Etien,Avant,2015-2016,0,0,1
456,Emmanuel Etien,Avant,2016-2017,0,0,1
457,Emmanuel Etien,Avant,2017-2018,0,0,1
458,Emmanuel Etien,Avant,2018-2019,0,0,1
459,Emmanuel Etien,Avant,2019-2020,0,0,1
460,Emmanuel Etien,Avant,2020-2021,0,0,1
461,Emmanuel Etien,Avant,2021-2022,0,0,1
462,Emmanuelli,Avant,2008-2009,0,59,1
463,Emmanuelli,Avant,2009-2010,0,7,1
464,Emmanuelli,Avant,2010-2011,0,4,1
465,Emmanuelli,Avant,2011-2012,0,5,1
466,Emmanuelli,Avant,2012-2013,0,1,1
467,Emmanuelli,Avant,2013-2014,0,0,1
468,Emmanuelli,Avant,2014-2015,0,0,1
469,Emmanuelli,Avant,2015-2016,0,1,1
470,Emmanuelli,Avant,2016-2017,0,0,1
471,Emmanuelli,Avant,2017-2018,0,0,1
472,Emmanuelli,Avant,2018-2019,0,0,1
473,Emmanuelli,Avant,2019-2020,0,1,1
474,Emmanuelli,Avant,2020-2021,0,0,1
475,Emmanuelli,Avant,2021-2022,0,0,1
476,Engelbrecht,Arrière,2008-2009,0,0,1
477,Engelbrecht,Arrière,2009-2010,0,0,1
478,Engelbrecht,Arrière,2010-2011,0,0,1
479,Engelbrecht,Arrière,2011-2012,0,0,1
480,Engelbrecht,Arrière,2012-2013,0,0,1
481,Engelbrecht,Arrière,2013-2014,0,0,1
482,Engelbrecht,Arrière,2014-2015,0,0,1
483,Engelbrecht,Arrière,2015-2016,0,0,1
484,Engelbrecht,Arrière,2016-2017,0,0,1
485,Engelbrecht,Arrière,2017-2018,0,0,1
486,Engelbrecht,Arrière,2018-2019,0,5,1
487,Engelbrecht,Arrière,2019-2020,0,11,1
488,Engelbrecht,Arrière,2020-2021,0,0,1
489,Engelbrecht,Arrière,2021-2022,0,0,1
490,Esterhuizen,Arrière,2008-2009,0,23,1
491,Esterhuizen,Arrière,2009-2010,0,0,1
492,Esterhuizen,Arrière,2010-2011,0,0,1
493,Esterhuizen,Arrière,2011-2012,0,0,1
494,Esterhuizen,Arrière,2012-2013,0,0,1
495,Esterhuizen,Arrière,2013-2014,0,0,1
496,Esterhuizen,Arrière,2014-2015,0,0,1
497,Esterhuizen,Arrière,2015-2016,0,0,1
498,Esterhuizen,Arrière,2016-2017,0,0,1
499,Esterhuizen,Arrière,2017-2018,0,0,1
500,Esterhuizen,Arrière,2018-2019,0,0,1
501,Esterhuizen,Arrière,2019-2020,0,0,1
502,Esterhuizen,Arrière,2020-2021,0,0,1
503,Esterhuizen,Arrière,2021-2022,0,0,1
504,Ezeala,Arrière,2008-2009,0,0,1
505,Ezeala,Arrière,2009-2010,0,0,1
506,Ezeala,Arrière,2010-2011,0,0,1
507,Ezeala,Arrière,2011-2012,0,0,1
508,Ezeala,Arrière,2012-2013,0,0,1
509,Ezeala,Arrière,2013-2014,0,0,1
510,Ezeala,Arrière,2014-2015,0,0,1
511,Ezeala,Arrière,2015-2016,0,0,1
512,Ezeala,Arrière,2016-2017,0,2,1
513,Ezeala,Arrière,2017-2018,1,20,11
514,Ezeala,Arrière,2018-2019,4,46,41
515,Ezeala,Arrière,2019-2020,2,46,21
516,Ezeala,Arrière,2020-2021,1,12,11
517,Ezeala,Arrière,2021-2022,0,14,1
518,Falatea,Avant,2008-2009,0,0,1
519,Falatea,Avant,2009-2010,0,0,1
520,Falatea,Avant,2010-2011,0,0,1
521,Falatea,Avant,2011-2012,0,0,1
522,Falatea,Avant,2012-2013,0,0,1
523,Falatea,Avant,2013-2014,0,0,1
524,Falatea,Avant,2014-2015,0,0,1
525,Falatea,Avant,2015-2016,0,0,1
526,Falatea,Avant,2016-2017,0,2,1
527,Falatea,Avant,2017-2018,0,7,1
528,Falatea,Avant,2018-2019,1,43,11
529,Falatea,Avant,2019-2020,0,27,1
530,Falatea,Avant,2020-2021,1,54,11
531,Falatea,Avant,2021-2022,0,6,1
532,Falgoux,Avant,2008-2009,0,0,1
533,Falgoux,Avant,2009-2010,0,0,1
534,Falgoux,Avant,2010-2011,0,2,1
535,Falgoux,Avant,2011-2012,0,1,1
536,Falgoux,Avant,2012-2013,0,4,1
537,Falgoux,Avant,2013-2014,0,15,1
538,Falgoux,Avant,2014-2015,0,13,1
539,Falgoux,Avant,2015-2016,1,9,11
540,Falgoux,Avant,2016-2017,4,64,41
541,Falgoux,Avant,2017-2018,0,65,1
542,Falgoux,Avant,2018-2019,3,118,31
543,Falgoux,Avant,2019-2020,2,41,21
544,Falgoux,Avant,2020-2021,3,54,31
545,Falgoux,Avant,2021-2022,1,31,11
546,Faure,Avant,2008-2009,1,11,11
547,Faure,Avant,2009-2010,3,78,31
548,Faure,Avant,2010-2011,0,57,1
549,Faure,Avant,2011-2012,5,83,51
550,Faure,Avant,2012-2013,1,7,11
551,Faure,Avant,2013-2014,0,6,1
552,Faure,Avant,2014-2015,0,9,1
553,Faure,Avant,2015-2016,0,2,1
554,Faure,Avant,2016-2017,0,1,1
555,Faure,Avant,2017-2018,0,1,1
556,Faure,Avant,2018-2019,0,0,1
557,Faure,Avant,2019-2020,0,1,1
558,Faure,Avant,2020-2021,0,0,1
559,Faure,Avant,2021-2022,0,0,1
560,Fernandez,Charnière,2008-2009,0,1,1
561,Fernandez,Charnière,2009-2010,0,9,1
562,Fernandez,Charnière,2010-2011,0,8,1
563,Fernandez,Charnière,2011-2012,0,8,1
564,Fernandez,Charnière,2012-2013,0,11,1
565,Fernandez,Charnière,2013-2014,0,3,1
566,Fernandez,Charnière,2014-2015,0,9,1
567,Fernandez,Charnière,2015-2016,2,82,21
568,Fernandez,Charnière,2016-2017,6,139,61
569,Fernandez,Charnière,2017-2018,5,94,51
570,Fernandez,Charnière,2018-2019,3,86,31
571,Fernandez,Charnière,2019-2020,0,1,1
572,Fernandez,Charnière,2020-2021,0,2,1
573,Fernandez,Charnière,2021-2022,0,1,1
574,Fischer,Avant,2008-2009,0,0,1
575,Fischer,Avant,2009-2010,0,0,1
576,Fischer,Avant,2010-2011,0,0,1
577,Fischer,Avant,2011-2012,0,0,1
578,Fischer,Avant,2012-2013,0,0,1
579,Fischer,Avant,2013-2014,0,0,1
580,Fischer,Avant,2014-2015,0,0,1
581,Fischer,Avant,2015-2016,0,0,1
582,Fischer,Avant,2016-2017,0,1,1
583,Fischer,Avant,2017-2018,0,1,1
584,Fischer,Avant,2018-2019,5,70,51
585,Fischer,Avant,2019-2020,1,28,11
586,Fischer,Avant,2020-2021,0,57,1
587,Fischer,Avant,2021-2022,0,21,1
588,Floch,Arrière,2008-2009,0,101,1
589,Floch,Arrière,2009-2010,2,126,21
590,Floch,Arrière,2010-2011,1,74,11
591,Floch,Arrière,2011-2012,1,31,11
592,Floch,Arrière,2012-2013,0,42,1
593,Floch,Arrière,2013-2014,2,13,21
594,Floch,Arrière,2014-2015,0,2,1
595,Floch,Arrière,2015-2016,0,3,1
596,Floch,Arrière,2016-2017,0,0,1
597,Floch,Arrière,2017-2018,0,1,1
598,Floch,Arrière,2018-2019,0,0,1
599,Floch,Arrière,2019-2020,0,1,1
600,Floch,Arrière,2020-2021,0,1,1
601,Floch,Arrière,2021-2022,0,0,1
602,Fofana,Arrière,2008-2009,0,12,1
603,Fofana,Arrière,2009-2010,0,55,1
604,Fofana,Arrière,2010-2011,1,56,11
605,Fofana,Arrière,2011-2012,3,119,31
606,Fofana,Arrière,2012-2013,3,145,31
607,Fofana,Arrière,2013-2014,1,162,11
608,Fofana,Arrière,2014-2015,6,162,61
609,Fofana,Arrière,2015-2016,12,156,121
610,Fofana,Arrière,2016-2017,1,87,11
611,Fofana,Arrière,2017-2018,6,80,61
612,Fofana,Arrière,2018-2019,10,135,101
613,Fofana,Arrière,2019-2020,5,31,51
614,Fofana,Arrière,2020-2021,1,50,11
615,Fofana,Arrière,2021-2022,0,12,1
616,Fourcade,Avant,2008-2009,0,0,1
617,Fourcade,Avant,2009-2010,0,3,1
618,Fourcade,Avant,2010-2011,0,0,1
619,Fourcade,Avant,2011-2012,0,0,1
620,Fourcade,Avant,2012-2013,0,3,1
621,Fourcade,Avant,2013-2014,0,0,1
622,Fourcade,Avant,2014-2015,0,0,1
623,Fourcade,Avant,2015-2016,0,3,1
624,Fourcade,Avant,2016-2017,0,0,1
625,Fourcade,Avant,2017-2018,0,0,1
626,Fourcade,Avant,2018-2019,0,3,1
627,Fourcade,Avant,2019-2020,2,9,21
628,Fourcade,Avant,2020-2021,0,86,1
629,Fourcade,Avant,2021-2022,0,20,1
630,Garcia,Arrière,2008-2009,0,34,1
631,Garcia,Arrière,2009-2010,0,15,1
632,Garcia,Arrière,2010-2011,0,16,1
633,Garcia,Arrière,2011-2012,0,7,1
634,Garcia,Arrière,2012-2013,0,8,1
635,Garcia,Arrière,2013-2014,0,2,1
636,Garcia,Arrière,2014-2015,0,5,1
637,Garcia,Arrière,2015-2016,0,0,1
638,Garcia,Arrière,2016-2017,0,0,1
639,Garcia,Arrière,2017-2018,0,0,1
640,Garcia,Arrière,2018-2019,0,0,1
641,Garcia,Arrière,2019-2020,0,1,1
642,Garcia,Arrière,2020-2021,0,1,1
643,Garcia,Arrière,2021-2022,0,0,1
644,Gear,Arrière,2008-2009,0,0,1
645,Gear,Arrière,2009-2010,0,0,1
646,Gear,Arrière,2010-2011,0,0,1
647,Gear,Arrière,2011-2012,0,0,1
648,Gear,Arrière,2012-2013,0,0,1
649,Gear,Arrière,2013-2014,0,6,1
650,Gear,Arrière,2014-2015,1,7,11
651,Gear,Arrière,2015-2016,6,69,61
652,Gear,Arrière,2016-2017,0,21,1
653,Gear,Arrière,2017-2018,0,1,1
654,Gear,Arrière,2018-2019,0,0,1
655,Gear,Arrière,2019-2020,0,0,1
656,Gear,Arrière,2020-2021,0,0,1
657,Gear,Arrière,2021-2022,0,0,1
658,Giorgadze,Avant,2008-2009,0,0,1
659,Giorgadze,Avant,2009-2010,0,0,1
660,Giorgadze,Avant,2010-2011,0,1,1
661,Giorgadze,Avant,2011-2012,0,0,1
662,Giorgadze,Avant,2012-2013,0,0,1
663,Giorgadze,Avant,2013-2014,0,0,1
664,Giorgadze,Avant,2014-2015,0,0,1
665,Giorgadze,Avant,2015-2016,0,4,1
666,Giorgadze,Avant,2016-2017,1,17,11
667,Giorgadze,Avant,2017-2018,0,13,1
668,Giorgadze,Avant,2018-2019,0,0,1
669,Giorgadze,Avant,2019-2020,0,0,1
670,Giorgadze,Avant,2020-2021,0,1,1
671,Giorgadze,Avant,2021-2022,0,0,1
672,Goujon,Avant,2008-2009,0,6,1
673,Goujon,Avant,2009-2010,0,9,1
674,Goujon,Avant,2010-2011,1,12,11
675,Goujon,Avant,2011-2012,0,11,1
676,Goujon,Avant,2012-2013,0,0,1
677,Goujon,Avant,2013-2014,0,0,1
678,Goujon,Avant,2014-2015,1,18,11
679,Goujon,Avant,2015-2016,0,25,1
680,Goujon,Avant,2016-2017,0,17,1
681,Goujon,Avant,2017-2018,0,1,1
682,Goujon,Avant,2018-2019,0,4,1
683,Goujon,Avant,2019-2020,0,3,1
684,Goujon,Avant,2020-2021,0,2,1
685,Goujon,Avant,2021-2022,0,3,1
686,Grosso,Arrière,2008-2009,0,0,1
687,Grosso,Arrière,2009-2010,0,0,1
688,Grosso,Arrière,2010-2011,0,0,1
689,Grosso,Arrière,2011-2012,0,1,1
690,Grosso,Arrière,2012-2013,0,0,1
691,Grosso,Arrière,2013-2014,0,3,1
692,Grosso,Arrière,2014-2015,0,10,1
693,Grosso,Arrière,2015-2016,0,6,1
694,Grosso,Arrière,2016-2017,4,34,41
695,Grosso,Arrière,2017-2018,6,95,61
696,Grosso,Arrière,2018-2019,1,89,11
697,Grosso,Arrière,2019-2020,4,22,41
698,Grosso,Arrière,2020-2021,0,2,1
699,Grosso,Arrière,2021-2022,0,0,1
700,Guildford,Arrière,2008-2009,0,0,1
701,Guildford,Arrière,2009-2010,0,0,1
702,Guildford,Arrière,2010-2011,0,0,1
703,Guildford,Arrière,2011-2012,0,0,1
704,Guildford,Arrière,2012-2013,0,0,1
705,Guildford,Arrière,2013-2014,2,14,21
706,Guildford,Arrière,2014-2015,2,69,21
707,Guildford,Arrière,2015-2016,0,0,1
708,Guildford,Arrière,2016-2017,0,0,1
709,Guildford,Arrière,2017-2018,0,0,1
710,Guildford,Arrière,2018-2019,0,0,1
711,Guildford,Arrière,2019-2020,0,0,1
712,Guildford,Arrière,2020-2021,0,0,1
713,Guildford,Arrière,2021-2022,0,0,1
714,Gérondeau,Avant,2008-2009,0,0,1
715,Gérondeau,Avant,2009-2010,0,0,1
716,Gérondeau,Avant,2010-2011,0,0,1
717,Gérondeau,Avant,2011-2012,0,0,1
718,Gérondeau,Avant,2012-2013,0,0,1
719,Gérondeau,Avant,2013-2014,0,1,1
720,Gérondeau,Avant,2014-2015,1,5,11
721,Gérondeau,Avant,2015-2016,4,62,41
722,Gérondeau,Avant,2016-2017,1,38,11
723,Gérondeau,Avant,2017-2018,1,27,11
724,Gérondeau,Avant,2018-2019,0,1,1
725,Gérondeau,Avant,2019-2020,0,0,1
726,Gérondeau,Avant,2020-2021,0,2,1
727,Gérondeau,Avant,2021-2022,0,0,1
728,Hanrahan,Charnière,2008-2009,0,0,1
729,Hanrahan,Charnière,2009-2010,0,0,1
730,Hanrahan,Charnière,2010-2011,0,0,1
731,Hanrahan,Charnière,2011-2012,0,0,1
732,Hanrahan,Charnière,2012-2013,0,0,1
733,Hanrahan,Charnière,2013-2014,0,1,1
734,Hanrahan,Charnière,2014-2015,0,5,1
735,Hanrahan,Charnière,2015-2016,0,0,1
736,Hanrahan,Charnière,2016-2017,0,0,1
737,Hanrahan,Charnière,2017-2018,0,0,1
738,Hanrahan,Charnière,2018-2019,0,0,1
739,Hanrahan,Charnière,2019-2020,0,0,1
740,Hanrahan,Charnière,2020-2021,1,8,11
741,Hanrahan,Charnière,2021-2022,1,52,11
742,Hezard,Avant,2008-2009,0,0,1
743,Hezard,Avant,2009-2010,0,1,1
744,Hezard,Avant,2010-2011,0,1,1
745,Hezard,Avant,2011-2012,0,11,1
746,Hezard,Avant,2012-2013,0,2,1
747,Hezard,Avant,2013-2014,0,0,1
748,Hezard,Avant,2014-2015,0,0,1
749,Hezard,Avant,2015-2016,0,2,1
750,Hezard,Avant,2016-2017,0,0,1
751,Hezard,Avant,2017-2018,0,0,1
752,Hezard,Avant,2018-2019,0,0,1
753,Hezard,Avant,2019-2020,0,0,1
754,Hezard,Avant,2020-2021,0,0,1
755,Hezard,Avant,2021-2022,0,0,1
756,Hines,Avant,2008-2009,0,0,1
757,Hines,Avant,2009-2010,0,7,1
758,Hines,Avant,2010-2011,1,23,11
759,Hines,Avant,2011-2012,4,80,41
760,Hines,Avant,2012-2013,1,61,11
761,Hines,Avant,2013-2014,1,67,11
762,Hines,Avant,2014-2015,2,9,21
763,Hines,Avant,2015-2016,0,1,1
764,Hines,Avant,2016-2017,0,4,1
765,Hines,Avant,2017-2018,0,1,1
766,Hines,Avant,2018-2019,0,0,1
767,Hines,Avant,2019-2020,0,1,1
768,Hines,Avant,2020-2021,0,0,1
769,Hines,Avant,2021-2022,0,0,1
770,Hingano,Arrière,2008-2009,0,0,1
771,Hingano,Arrière,2009-2010,0,0,1
772,Hingano,Arrière,2010-2011,0,0,1
773,Hingano,Arrière,2011-2012,0,0,1
774,Hingano,Arrière,2012-2013,0,0,1
775,Hingano,Arrière,2013-2014,0,0,1
776,Hingano,Arrière,2014-2015,0,4,1
777,Hingano,Arrière,2015-2016,0,2,1
778,Hingano,Arrière,2016-2017,0,0,1
779,Hingano,Arrière,2017-2018,1,12,11
780,Hingano,Arrière,2018-2019,0,0,1
781,Hingano,Arrière,2019-2020,0,2,1
782,Hingano,Arrière,2020-2021,0,1,1
783,Hingano,Arrière,2021-2022,0,0,1
784,Hume,Charnière,2008-2009,0,5,1
785,Hume,Charnière,2009-2010,0,9,1
786,Hume,Charnière,2010-2011,0,6,1
787,Hume,Charnière,2011-2012,0,11,1
788,Hume,Charnière,2012-2013,1,20,11
789,Hume,Charnière,2013-2014,1,34,11
790,Hume,Charnière,2014-2015,0,7,1
791,Hume,Charnière,2015-2016,0,7,1
792,Hume,Charnière,2016-2017,0,3,1
793,Hume,Charnière,2017-2018,0,2,1
794,Hume,Charnière,2018-2019,0,1,1
795,Hume,Charnière,2019-2020,0,6,1
796,Hume,Charnière,2020-2021,0,0,1
797,Hume,Charnière,2021-2022,0,1,1
798,Iturria,Avant,2008-2009,0,0,1
799,Iturria,Avant,2009-2010,0,0,1
800,Iturria,Avant,2010-2011,0,0,1
801,Iturria,Avant,2011-2012,1,3,11
802,Iturria,Avant,2012-2013,0,2,1
803,Iturria,Avant,2013-2014,0,12,1
804,Iturria,Avant,2014-2015,0,6,1
805,Iturria,Avant,2015-2016,0,45,1
806,Iturria,Avant,2016-2017,9,112,91
807,Iturria,Avant,2017-2018,1,66,11
808,Iturria,Avant,2018-2019,5,132,51
809,Iturria,Avant,2019-2020,4,59,41
810,Iturria,Avant,2020-2021,4,66,41
811,Iturria,Avant,2021-2022,0,43,1
812,Jacquet,Avant,2008-2009,2,92,21
813,Jacquet,Avant,2009-2010,1,66,11
814,Jacquet,Avant,2010-2011,2,55,21
815,Jacquet,Avant,2011-2012,2,54,21
816,Jacquet,Avant,2012-2013,2,74,21
817,Jacquet,Avant,2013-2014,0,45,1
818,Jacquet,Avant,2014-2015,0,55,1
819,Jacquet,Avant,2015-2016,4,57,41
820,Jacquet,Avant,2016-2017,2,12,21
821,Jacquet,Avant,2017-2018,0,6,1
822,Jacquet,Avant,2018-2019,1,5,11
823,Jacquet,Avant,2019-2020,1,3,11
824,Jacquet,Avant,2020-2021,0,2,1
825,Jacquet,Avant,2021-2022,0,5,1
826,James,Charnière,2008-2009,1,170,11
827,James,Charnière,2009-2010,0,198,1
828,James,Charnière,2010-2011,1,135,11
829,James,Charnière,2011-2012,3,202,31
830,James,Charnière,2012-2013,0,147,1
831,James,Charnière,2013-2014,0,187,1
832,James,Charnière,2014-2015,4,159,41
833,James,Charnière,2015-2016,7,141,71
834,James,Charnière,2016-2017,1,18,11
835,James,Charnière,2017-2018,0,4,1
836,James,Charnière,2018-2019,1,31,11
837,James,Charnière,2019-2020,0,10,1
838,James,Charnière,2020-2021,0,2,1
839,James,Charnière,2021-2022,0,3,1
840,Jarvis,Avant,2008-2009,0,0,1
841,Jarvis,Avant,2009-2010,0,0,1
842,Jarvis,Avant,2010-2011,0,0,1
843,Jarvis,Avant,2011-2012,0,0,1
844,Jarvis,Avant,2012-2013,0,3,1
845,Jarvis,Avant,2013-2014,0,0,1
846,Jarvis,Avant,2014-2015,0,0,1
847,Jarvis,Avant,2015-2016,1,13,11
848,Jarvis,Avant,2016-2017,4,63,41
849,Jarvis,Avant,2017-2018,1,44,11
850,Jarvis,Avant,2018-2019,0,3,1
851,Jarvis,Avant,2019-2020,0,0,1
852,Jarvis,Avant,2020-2021,0,0,1
853,Jarvis,Avant,2021-2022,0,0,1
854,Jedrasiak,Avant,2008-2009,0,0,1
855,Jedrasiak,Avant,2009-2010,0,0,1
856,Jedrasiak,Avant,2010-2011,0,3,1
857,Jedrasiak,Avant,2011-2012,0,7,1
858,Jedrasiak,Avant,2012-2013,2,23,21
859,Jedrasiak,Avant,2013-2014,0,29,1
860,Jedrasiak,Avant,2014-2015,2,42,21
861,Jedrasiak,Avant,2015-2016,9,121,91
862,Jedrasiak,Avant,2016-2017,5,90,51
863,Jedrasiak,Avant,2017-2018,3,87,31
864,Jedrasiak,Avant,2018-2019,3,84,31
865,Jedrasiak,Avant,2019-2020,1,49,11
866,Jedrasiak,Avant,2020-2021,1,86,11
867,Jedrasiak,Avant,2021-2022,1,19,11
868,Joubert,Arrière,2008-2009,0,47,1
869,Joubert,Arrière,2009-2010,1,57,11
870,Joubert,Arrière,2010-2011,0,53,1
871,Joubert,Arrière,2011-2012,0,5,1
872,Joubert,Arrière,2012-2013,0,0,1
873,Joubert,Arrière,2013-2014,0,2,1
874,Joubert,Arrière,2014-2015,0,2,1
875,Joubert,Arrière,2015-2016,0,0,1
876,Joubert,Arrière,2016-2017,0,0,1
877,Joubert,Arrière,2017-2018,0,0,1
878,Joubert,Arrière,2018-2019,0,0,1
879,Joubert,Arrière,2019-2020,0,0,1
880,Joubert,Arrière,2020-2021,0,0,1
881,Joubert,Arrière,2021-2022,0,0,1
882,Julien Pierre,Avant,2008-2009,0,35,1
883,Julien Pierre,Avant,2009-2010,1,41,11
884,Julien Pierre,Avant,2010-2011,2,43,21
885,Julien Pierre,Avant,2011-2012,3,47,31
886,Julien Pierre,Avant,2012-2013,2,31,21
887,Julien Pierre,Avant,2013-2014,1,56,11
888,Julien Pierre,Avant,2014-2015,3,63,31
889,Julien Pierre,Avant,2015-2016,3,11,31
890,Julien Pierre,Avant,2016-2017,1,4,11
891,Julien Pierre,Avant,2017-2018,0,3,1
892,Julien Pierre,Avant,2018-2019,0,2,1
893,Julien Pierre,Avant,2019-2020,0,1,1
894,Julien Pierre,Avant,2020-2021,0,0,1
895,Julien Pierre,Avant,2021-2022,0,0,1
896,Kakabadze,Avant,2008-2009,0,0,1
897,Kakabadze,Avant,2009-2010,0,0,1
898,Kakabadze,Avant,2010-2011,0,0,1
899,Kakabadze,Avant,2011-2012,0,0,1
900,Kakabadze,Avant,2012-2013,0,0,1
901,Kakabadze,Avant,2013-2014,0,0,1
902,Kakabadze,Avant,2014-2015,0,3,1
903,Kakabadze,Avant,2015-2016,0,1,1
904,Kakabadze,Avant,2016-2017,0,1,1
905,Kakabadze,Avant,2017-2018,1,28,11
906,Kakabadze,Avant,2018-2019,0,44,1
907,Kakabadze,Avant,2019-2020,1,7,11
908,Kakabadze,Avant,2020-2021,0,0,1
909,Kakabadze,Avant,2021-2022,0,0,1
910,Kayser,Avant,2008-2009,0,2,1
911,Kayser,Avant,2009-2010,0,3,1
912,Kayser,Avant,2010-2011,1,13,11
913,Kayser,Avant,2011-2012,3,73,31
914,Kayser,Avant,2012-2013,5,119,51
915,Kayser,Avant,2013-2014,2,121,21
916,Kayser,Avant,2014-2015,2,146,21
917,Kayser,Avant,2015-2016,8,112,81
918,Kayser,Avant,2016-2017,5,96,51
919,Kayser,Avant,2017-2018,0,89,1
920,Kayser,Avant,2018-2019,3,83,31
921,Kayser,Avant,2019-2020,1,4,11
922,Kayser,Avant,2020-2021,0,1,1
923,Kayser,Avant,2021-2022,0,0,1
924,Kazubek,Avant,2008-2009,0,1,1
925,Kazubek,Avant,2009-2010,0,2,1
926,Kazubek,Avant,2010-2011,0,3,1
927,Kazubek,Avant,2011-2012,0,9,1
928,Kazubek,Avant,2012-2013,0,4,1
929,Kazubek,Avant,2013-2014,1,27,11
930,Kazubek,Avant,2014-2015,1,12,11
931,Kazubek,Avant,2015-2016,0,0,1
932,Kazubek,Avant,2016-2017,0,0,1
933,Kazubek,Avant,2017-2018,0,0,1
934,Kazubek,Avant,2018-2019,0,0,1
935,Kazubek,Avant,2019-2020,0,0,1
936,Kazubek,Avant,2020-2021,0,0,1
937,Kazubek,Avant,2021-2022,0,0,1
938,King,Arrière,2008-2009,0,8,1
939,King,Arrière,2009-2010,0,13,1
940,King,Arrière,2010-2011,1,15,11
941,King,Arrière,2011-2012,1,71,11
942,King,Arrière,2012-2013,1,92,11
943,King,Arrière,2013-2014,0,70,1
944,King,Arrière,2014-2015,1,15,11
945,King,Arrière,2015-2016,0,18,1
946,King,Arrière,2016-2017,0,23,1
947,King,Arrière,2017-2018,0,12,1
948,King,Arrière,2018-2019,2,20,21
949,King,Arrière,2019-2020,1,14,11
950,King,Arrière,2020-2021,1,4,11
951,King,Arrière,2021-2022,0,1,1
952,Kolelishvili,Avant,2008-2009,0,0,1
953,Kolelishvili,Avant,2009-2010,0,0,1
954,Kolelishvili,Avant,2010-2011,0,4,1
955,Kolelishvili,Avant,2011-2012,1,14,11
956,Kolelishvili,Avant,2012-2013,1,16,11
957,Kolelishvili,Avant,2013-2014,1,2,11
958,Kolelishvili,Avant,2014-2015,2,47,21
959,Kolelishvili,Avant,2015-2016,5,76,51
960,Kolelishvili,Avant,2016-2017,1,34,11
961,Kolelishvili,Avant,2017-2018,1,38,11
962,Kolelishvili,Avant,2018-2019,0,8,1
963,Kolelishvili,Avant,2019-2020,0,0,1
964,Kolelishvili,Avant,2020-2021,0,0,1
965,Kolelishvili,Avant,2021-2022,0,0,1
966,Kotze,Avant,2008-2009,0,0,1
967,Kotze,Avant,2009-2010,0,0,1
968,Kotze,Avant,2010-2011,0,3,1
969,Kotze,Avant,2011-2012,0,52,1
970,Kotze,Avant,2012-2013,2,70,21
971,Kotze,Avant,2013-2014,0,51,1
972,Kotze,Avant,2014-2015,1,37,11
973,Kotze,Avant,2015-2016,5,87,51
974,Kotze,Avant,2016-2017,1,7,11
975,Kotze,Avant,2017-2018,0,9,1
976,Kotze,Avant,2018-2019,0,4,1
977,Kotze,Avant,2019-2020,0,0,1
978,Kotze,Avant,2020-2021,0,2,1
979,Kotze,Avant,2021-2022,0,0,1
980,Lacrampe,Charnière,2008-2009,0,0,1
981,Lacrampe,Charnière,2009-2010,0,0,1
982,Lacrampe,Charnière,2010-2011,0,0,1
983,Lacrampe,Charnière,2011-2012,0,4,1
984,Lacrampe,Charnière,2012-2013,0,14,1
985,Lacrampe,Charnière,2013-2014,1,94,11
986,Lacrampe,Charnière,2014-2015,2,54,21
987,Lacrampe,Charnière,2015-2016,1,4,11
988,Lacrampe,Charnière,2016-2017,0,0,1
989,Lacrampe,Charnière,2017-2018,0,0,1
990,Lacrampe,Charnière,2018-2019,0,0,1
991,Lacrampe,Charnière,2019-2020,0,0,1
992,Lacrampe,Charnière,2020-2021,0,0,1
993,Lacrampe,Charnière,2021-2022,0,0,1
994,Laidlaw,Charnière,2008-2009,0,0,1
995,Laidlaw,Charnière,2009-2010,0,0,1
996,Laidlaw,Charnière,2010-2011,0,0,1
997,Laidlaw,Charnière,2011-2012,0,0,1
998,Laidlaw,Charnière,2012-2013,0,0,1
999,Laidlaw,Charnière,2013-2014,0,1,1
1000,Laidlaw,Charnière,2014-2015,0,0,1
1001,Laidlaw,Charnière,2015-2016,0,0,1
1002,Laidlaw,Charnière,2016-2017,1,9,11
1003,Laidlaw,Charnière,2017-2018,5,96,51
1004,Laidlaw,Charnière,2018-2019,6,167,61
1005,Laidlaw,Charnière,2019-2020,8,81,81
1006,Laidlaw,Charnière,2020-2021,0,0,1
1007,Laidlaw,Charnière,2021-2022,0,0,1
1008,Lamerat,Arrière,2008-2009,0,0,1
1009,Lamerat,Arrière,2009-2010,0,0,1
1010,Lamerat,Arrière,2010-2011,0,0,1
1011,Lamerat,Arrière,2011-2012,0,0,1
1012,Lamerat,Arrière,2012-2013,0,3,1
1013,Lamerat,Arrière,2013-2014,1,21,11
1014,Lamerat,Arrière,2014-2015,0,12,1
1015,Lamerat,Arrière,2015-2016,1,20,11
1016,Lamerat,Arrière,2016-2017,2,114,21
1017,Lamerat,Arrière,2017-2018,4,95,41
1018,Lamerat,Arrière,2018-2019,4,75,41
1019,Lamerat,Arrière,2019-2020,0,7,1
1020,Lamerat,Arrière,2020-2021,0,2,1
1021,Lamerat,Arrière,2021-2022,0,1,1
1022,Lapandry,Avant,2008-2009,0,48,1
1023,Lapandry,Avant,2009-2010,1,80,11
1024,Lapandry,Avant,2010-2011,0,74,1
1025,Lapandry,Avant,2011-2012,2,71,21
1026,Lapandry,Avant,2012-2013,3,76,31
1027,Lapandry,Avant,2013-2014,4,104,41
1028,Lapandry,Avant,2014-2015,3,89,31
1029,Lapandry,Avant,2015-2016,6,113,61
1030,Lapandry,Avant,2016-2017,1,99,11
1031,Lapandry,Avant,2017-2018,5,92,51
1032,Lapandry,Avant,2018-2019,2,77,21
1033,Lapandry,Avant,2019-2020,1,56,11
1034,Lapandry,Avant,2020-2021,2,18,21
1035,Lapandry,Avant,2021-2022,0,0,1
1036,Lauaki,Avant,2008-2009,0,0,1
1037,Lauaki,Avant,2009-2010,1,9,11
1038,Lauaki,Avant,2010-2011,1,79,11
1039,Lauaki,Avant,2011-2012,0,1,1
1040,Lauaki,Avant,2012-2013,0,0,1
1041,Lauaki,Avant,2013-2014,0,0,1
1042,Lauaki,Avant,2014-2015,0,0,1
1043,Lauaki,Avant,2015-2016,0,1,1
1044,Lauaki,Avant,2016-2017,1,1,11
1045,Lauaki,Avant,2017-2018,0,0,1
1046,Lauaki,Avant,2018-2019,0,0,1
1047,Lauaki,Avant,2019-2020,0,0,1
1048,Lauaki,Avant,2020-2021,0,0,1
1049,Lauaki,Avant,2021-2022,0,0,1
1050,Lavanini,Avant,2008-2009,0,0,1
1051,Lavanini,Avant,2009-2010,0,0,1
1052,Lavanini,Avant,2010-2011,0,0,1
1053,Lavanini,Avant,2011-2012,0,0,1
1054,Lavanini,Avant,2012-2013,0,0,1
1055,Lavanini,Avant,2013-2014,0,0,1
1056,Lavanini,Avant,2014-2015,0,1,1
1057,Lavanini,Avant,2015-2016,0,0,1
1058,Lavanini,Avant,2016-2017,0,0,1
1059,Lavanini,Avant,2017-2018,0,0,1
1060,Lavanini,Avant,2018-2019,0,0,1
1061,Lavanini,Avant,2019-2020,0,0,1
1062,Lavanini,Avant,2020-2021,3,12,31
1063,Lavanini,Avant,2021-2022,2,18,21
1064,Lavea,Charnière,2008-2009,0,5,1
1065,Lavea,Charnière,2009-2010,1,32,11
1066,Lavea,Charnière,2010-2011,1,48,11
1067,Lavea,Charnière,2011-2012,0,0,1
1068,Lavea,Charnière,2012-2013,0,1,1
1069,Lavea,Charnière,2013-2014,0,0,1
1070,Lavea,Charnière,2014-2015,0,0,1
1071,Lavea,Charnière,2015-2016,0,3,1
1072,Lavea,Charnière,2016-2017,0,1,1
1073,Lavea,Charnière,2017-2018,0,0,1
1074,Lavea,Charnière,2018-2019,0,3,1
1075,Lavea,Charnière,2019-2020,0,4,1
1076,Lavea,Charnière,2020-2021,0,1,1
1077,Lavea,Charnière,2021-2022,0,0,1
1078,Lavernhe,Charnière,2008-2009,0,0,1
1079,Lavernhe,Charnière,2009-2010,0,0,1
1080,Lavernhe,Charnière,2010-2011,0,0,1
1081,Lavernhe,Charnière,2011-2012,0,0,1
1082,Lavernhe,Charnière,2012-2013,0,0,1
1083,Lavernhe,Charnière,2013-2014,0,0,1
1084,Lavernhe,Charnière,2014-2015,0,0,1
1085,Lavernhe,Charnière,2015-2016,0,0,1
1086,Lavernhe,Charnière,2016-2017,0,0,1
1087,Lavernhe,Charnière,2017-2018,1,37,11
1088,Lavernhe,Charnière,2018-2019,0,4,1
1089,Lavernhe,Charnière,2019-2020,0,0,1
1090,Lavernhe,Charnière,2020-2021,0,0,1
1091,Lavernhe,Charnière,2021-2022,0,0,1
1092,Ledesma,Avant,2008-2009,0,64,1
1093,Ledesma,Avant,2009-2010,0,67,1
1094,Ledesma,Avant,2010-2011,0,61,1
1095,Ledesma,Avant,2011-2012,1,3,11
1096,Ledesma,Avant,2012-2013,0,1,1
1097,Ledesma,Avant,2013-2014,0,0,1
1098,Ledesma,Avant,2014-2015,0,0,1
1099,Ledesma,Avant,2015-2016,0,1,1
1100,Ledesma,Avant,2016-2017,0,0,1
1101,Ledesma,Avant,2017-2018,0,0,1
1102,Ledesma,Avant,2018-2019,0,2,1
1103,Ledesma,Avant,2019-2020,1,4,11
1104,Ledesma,Avant,2020-2021,0,5,1
1105,Ledesma,Avant,2021-2022,0,1,1
1106,Lee,Avant,2008-2009,0,2,1
1107,Lee,Avant,2009-2010,0,4,1
1108,Lee,Avant,2010-2011,1,14,11
1109,Lee,Avant,2011-2012,2,59,21
1110,Lee,Avant,2012-2013,2,35,21
1111,Lee,Avant,2013-2014,4,155,41
1112,Lee,Avant,2014-2015,4,103,41
1113,Lee,Avant,2015-2016,5,104,51
1114,Lee,Avant,2016-2017,4,99,41
1115,Lee,Avant,2017-2018,4,97,41
1116,Lee,Avant,2018-2019,5,124,51
1117,Lee,Avant,2019-2020,0,67,1
1118,Lee,Avant,2020-2021,1,111,11
1119,Lee,Avant,2021-2022,1,35,11
1120,Lemardelet,Avant,2008-2009,0,0,1
1121,Lemardelet,Avant,2009-2010,0,0,1
1122,Lemardelet,Avant,2010-2011,0,0,1
1123,Lemardelet,Avant,2011-2012,0,0,1
1124,Lemardelet,Avant,2012-2013,0,0,1
1125,Lemardelet,Avant,2013-2014,0,0,1
1126,Lemardelet,Avant,2014-2015,0,1,1
1127,Lemardelet,Avant,2015-2016,0,0,1
1128,Lemardelet,Avant,2016-2017,0,1,1
1129,Lemardelet,Avant,2017-2018,0,8,1
1130,Lemardelet,Avant,2018-2019,0,10,1
1131,Lemardelet,Avant,2019-2020,0,0,1
1132,Lemardelet,Avant,2020-2021,0,0,1
1133,Lemardelet,Avant,2021-2022,0,0,1
1134,Levave,Avant,2008-2009,0,0,1
1135,Levave,Avant,2009-2010,0,0,1
1136,Levave,Avant,2010-2011,0,0,1
1137,Levave,Avant,2011-2012,0,0,1
1138,Levave,Avant,2012-2013,0,0,1
1139,Levave,Avant,2013-2014,0,2,1
1140,Levave,Avant,2014-2015,0,0,1
1141,Levave,Avant,2015-2016,0,0,1
1142,Levave,Avant,2016-2017,0,0,1
1143,Levave,Avant,2017-2018,0,0,1
1144,Levave,Avant,2018-2019,0,5,1
1145,Levave,Avant,2019-2020,2,34,21
1146,Levave,Avant,2020-2021,0,0,1
1147,Levave,Avant,2021-2022,0,0,1
1148,Lopez,Charnière,2008-2009,0,2,1
1149,Lopez,Charnière,2009-2010,0,1,1
1150,Lopez,Charnière,2010-2011,0,0,1
1151,Lopez,Charnière,2011-2012,0,7,1
1152,Lopez,Charnière,2012-2013,0,17,1
1153,Lopez,Charnière,2013-2014,1,17,11
1154,Lopez,Charnière,2014-2015,4,222,41
1155,Lopez,Charnière,2015-2016,4,152,41
1156,Lopez,Charnière,2016-2017,4,178,41
1157,Lopez,Charnière,2017-2018,4,87,41
1158,Lopez,Charnière,2018-2019,7,195,71
1159,Lopez,Charnière,2019-2020,2,66,21
1160,Lopez,Charnière,2020-2021,2,199,21
1161,Lopez,Charnière,2021-2022,0,76,1
1162,Lozupone,Avant,2008-2009,0,29,1
1163,Lozupone,Avant,2009-2010,0,1,1
1164,Lozupone,Avant,2010-2011,0,0,1
1165,Lozupone,Avant,2011-2012,0,0,1
1166,Lozupone,Avant,2012-2013,0,0,1
1167,Lozupone,Avant,2013-2014,0,0,1
1168,Lozupone,Avant,2014-2015,0,0,1
1169,Lozupone,Avant,2015-2016,0,0,1
1170,Lozupone,Avant,2016-2017,0,0,1
1171,Lozupone,Avant,2017-2018,0,0,1
1172,Lozupone,Avant,2018-2019,0,0,1
1173,Lozupone,Avant,2019-2020,0,0,1
1174,Lozupone,Avant,2020-2021,0,0,1
1175,Lozupone,Avant,2021-2022,0,0,1
1176,Malzieu,Arrière,2008-2009,2,106,21
1177,Malzieu,Arrière,2009-2010,2,126,21
1178,Malzieu,Arrière,2010-2011,0,93,1
1179,Malzieu,Arrière,2011-2012,3,95,31
1180,Malzieu,Arrière,2012-2013,2,42,21
1181,Malzieu,Arrière,2013-2014,0,63,1
1182,Malzieu,Arrière,2014-2015,0,38,1
1183,Malzieu,Arrière,2015-2016,0,7,1
1184,Malzieu,Arrière,2016-2017,0,0,1
1185,Malzieu,Arrière,2017-2018,0,1,1
1186,Malzieu,Arrière,2018-2019,0,0,1
1187,Malzieu,Arrière,2019-2020,0,1,1
1188,Malzieu,Arrière,2020-2021,0,0,1
1189,Malzieu,Arrière,2021-2022,0,0,1
1190,Matsushima,Arrière,2008-2009,0,0,1
1191,Matsushima,Arrière,2009-2010,0,0,1
1192,Matsushima,Arrière,2010-2011,0,0,1
1193,Matsushima,Arrière,2011-2012,0,0,1
1194,Matsushima,Arrière,2012-2013,0,0,1
1195,Matsushima,Arrière,2013-2014,0,0,1
1196,Matsushima,Arrière,2014-2015,0,0,1
1197,Matsushima,Arrière,2015-2016,0,0,1
1198,Matsushima,Arrière,2016-2017,0,0,1
1199,Matsushima,Arrière,2017-2018,0,0,1
1200,Matsushima,Arrière,2018-2019,0,0,1
1201,Matsushima,Arrière,2019-2020,2,10,21
1202,Matsushima,Arrière,2020-2021,4,134,41
1203,Matsushima,Arrière,2021-2022,2,33,21
1204,McIntyre,Charnière,2008-2009,0,4,1
1205,McIntyre,Charnière,2009-2010,0,2,1
1206,McIntyre,Charnière,2010-2011,0,3,1
1207,McIntyre,Charnière,2011-2012,0,0,1
1208,McIntyre,Charnière,2012-2013,0,0,1
1209,McIntyre,Charnière,2013-2014,0,0,1
1210,McIntyre,Charnière,2014-2015,0,0,1
1211,McIntyre,Charnière,2015-2016,0,0,1
1212,McIntyre,Charnière,2016-2017,0,0,1
1213,McIntyre,Charnière,2017-2018,0,7,1
1214,McIntyre,Charnière,2018-2019,1,9,11
1215,McIntyre,Charnière,2019-2020,2,61,21
1216,McIntyre,Charnière,2020-2021,1,6,11
1217,McIntyre,Charnière,2021-2022,0,0,1
1218,Merrick,Avant,2008-2009,0,0,1
1219,Merrick,Avant,2009-2010,0,0,1
1220,Merrick,Avant,2010-2011,0,0,1
1221,Merrick,Avant,2011-2012,0,0,1
1222,Merrick,Avant,2012-2013,0,0,1
1223,Merrick,Avant,2013-2014,0,2,1
1224,Merrick,Avant,2014-2015,0,0,1
1225,Merrick,Avant,2015-2016,0,0,1
1226,Merrick,Avant,2016-2017,0,0,1
1227,Merrick,Avant,2017-2018,0,0,1
1228,Merrick,Avant,2018-2019,1,6,11
1229,Merrick,Avant,2019-2020,1,27,11
1230,Merrick,Avant,2020-2021,1,6,11
1231,Merrick,Avant,2021-2022,0,0,1
1232,Mignardi,Arrière,2008-2009,0,22,1
1233,Mignardi,Arrière,2009-2010,0,6,1
1234,Mignardi,Arrière,2010-2011,0,7,1
1235,Mignardi,Arrière,2011-2012,0,7,1
1236,Mignardi,Arrière,2012-2013,0,1,1
1237,Mignardi,Arrière,2013-2014,0,6,1
1238,Mignardi,Arrière,2014-2015,0,2,1
1239,Mignardi,Arrière,2015-2016,1,7,11
1240,Mignardi,Arrière,2016-2017,1,6,11
1241,Mignardi,Arrière,2017-2018,0,7,1
1242,Mignardi,Arrière,2018-2019,0,0,1
1243,Mignardi,Arrière,2019-2020,0,0,1
1244,Mignardi,Arrière,2020-2021,0,0,1
1245,Mignardi,Arrière,2021-2022,0,0,1
1246,Mignoni,Charnière,2008-2009,0,110,1
1247,Mignoni,Charnière,2009-2010,0,11,1
1248,Mignoni,Charnière,2010-2011,0,6,1
1249,Mignoni,Charnière,2011-2012,0,4,1
1250,Mignoni,Charnière,2012-2013,0,0,1
1251,Mignoni,Charnière,2013-2014,1,1,11
1252,Mignoni,Charnière,2014-2015,0,0,1
1253,Mignoni,Charnière,2015-2016,0,2,1
1254,Mignoni,Charnière,2016-2017,0,8,1
1255,Mignoni,Charnière,2017-2018,0,6,1
1256,Mignoni,Charnière,2018-2019,0,23,1
1257,Mignoni,Charnière,2019-2020,0,12,1
1258,Mignoni,Charnière,2020-2021,0,15,1
1259,Mignoni,Charnière,2021-2022,0,2,1
1260,Moala,Arrière,2008-2009,0,1,1
1261,Moala,Arrière,2009-2010,0,1,1
1262,Moala,Arrière,2010-2011,0,0,1
1263,Moala,Arrière,2011-2012,0,0,1
1264,Moala,Arrière,2012-2013,0,0,1
1265,Moala,Arrière,2013-2014,0,0,1
1266,Moala,Arrière,2014-2015,0,0,1
1267,Moala,Arrière,2015-2016,0,0,1
1268,Moala,Arrière,2016-2017,0,0,1
1269,Moala,Arrière,2017-2018,1,4,11
1270,Moala,Arrière,2018-2019,5,111,51
1271,Moala,Arrière,2019-2020,2,72,21
1272,Moala,Arrière,2020-2021,0,96,1
1273,Moala,Arrière,2021-2022,1,44,11
1274,Mourot,Arrière,2008-2009,0,2,1
1275,Mourot,Arrière,2009-2010,0,2,1
1276,Mourot,Arrière,2010-2011,1,12,11
1277,Mourot,Arrière,2011-2012,1,7,11
1278,Mourot,Arrière,2012-2013,0,5,1
1279,Mourot,Arrière,2013-2014,0,0,1
1280,Mourot,Arrière,2014-2015,0,1,1
1281,Mourot,Arrière,2015-2016,0,0,1
1282,Mourot,Arrière,2016-2017,0,0,1
1283,Mourot,Arrière,2017-2018,0,0,1
1284,Mourot,Arrière,2018-2019,0,0,1
1285,Mourot,Arrière,2019-2020,0,0,1
1286,Mourot,Arrière,2020-2021,0,0,1
1287,Mourot,Arrière,2021-2022,0,0,1
1288,Murimurivalu,Arrière,2008-2009,0,0,1
1289,Murimurivalu,Arrière,2009-2010,0,4,1
1290,Murimurivalu,Arrière,2010-2011,0,41,1
1291,Murimurivalu,Arrière,2011-2012,0,23,1
1292,Murimurivalu,Arrière,2012-2013,0,0,1
1293,Murimurivalu,Arrière,2013-2014,0,0,1
1294,Murimurivalu,Arrière,2014-2015,0,8,1
1295,Murimurivalu,Arrière,2015-2016,0,8,1
1296,Murimurivalu,Arrière,2016-2017,0,3,1
1297,Murimurivalu,Arrière,2017-2018,0,3,1
1298,Murimurivalu,Arrière,2018-2019,0,1,1
1299,Murimurivalu,Arrière,2019-2020,0,7,1
1300,Murimurivalu,Arrière,2020-2021,0,4,1
1301,Murimurivalu,Arrière,2021-2022,0,0,1
1302,Naholo,Arrière,2008-2009,0,0,1
1303,Naholo,Arrière,2009-2010,0,0,1
1304,Naholo,Arrière,2010-2011,0,0,1
1305,Naholo,Arrière,2011-2012,0,0,1
1306,Naholo,Arrière,2012-2013,0,0,1
1307,Naholo,Arrière,2013-2014,0,0,1
1308,Naholo,Arrière,2014-2015,1,5,11
1309,Naholo,Arrière,2015-2016,0,0,1
1310,Naholo,Arrière,2016-2017,0,0,1
1311,Naholo,Arrière,2017-2018,0,0,1
1312,Naholo,Arrière,2018-2019,0,0,1
1313,Naholo,Arrière,2019-2020,0,0,1
1314,Naholo,Arrière,2020-2021,0,0,1
1315,Naholo,Arrière,2021-2022,0,0,1
1316,Nakaitaci,Arrière,2008-2009,0,0,1
1317,Nakaitaci,Arrière,2009-2010,0,5,1
1318,Nakaitaci,Arrière,2010-2011,0,6,1
1319,Nakaitaci,Arrière,2011-2012,0,73,1
1320,Nakaitaci,Arrière,2012-2013,4,72,41
1321,Nakaitaci,Arrière,2013-2014,0,60,1
1322,Nakaitaci,Arrière,2014-2015,6,150,61
1323,Nakaitaci,Arrière,2015-2016,2,113,21
1324,Nakaitaci,Arrière,2016-2017,5,126,51
1325,Nakaitaci,Arrière,2017-2018,3,31,31
1326,Nakaitaci,Arrière,2018-2019,0,11,1
1327,Nakaitaci,Arrière,2019-2020,0,9,1
1328,Nakaitaci,Arrière,2020-2021,0,5,1
1329,Nakaitaci,Arrière,2021-2022,0,1,1
1330,Nalaga,Arrière,2008-2009,2,127,21
1331,Nalaga,Arrière,2009-2010,1,108,11
1332,Nalaga,Arrière,2010-2011,2,64,21
1333,Nalaga,Arrière,2011-2012,0,6,1
1334,Nalaga,Arrière,2012-2013,2,123,21
1335,Nalaga,Arrière,2013-2014,1,102,11
1336,Nalaga,Arrière,2014-2015,0,118,1
1337,Nalaga,Arrière,2015-2016,0,0,1
1338,Nalaga,Arrière,2016-2017,0,14,1
1339,Nalaga,Arrière,2017-2018,0,1,1
1340,Nalaga,Arrière,2018-2019,0,0,1
1341,Nalaga,Arrière,2019-2020,0,1,1
1342,Nalaga,Arrière,2020-2021,0,0,1
1343,Nalaga,Arrière,2021-2022,0,1,1
1344,Nanai-Williams,Arrière,2008-2009,0,0,1
1345,Nanai-Williams,Arrière,2009-2010,0,0,1
1346,Nanai-Williams,Arrière,2010-2011,0,0,1
1347,Nanai-Williams,Arrière,2011-2012,0,0,1
1348,Nanai-Williams,Arrière,2012-2013,0,0,1
1349,Nanai-Williams,Arrière,2013-2014,0,0,1
1350,Nanai-Williams,Arrière,2014-2015,0,0,1
1351,Nanai-Williams,Arrière,2015-2016,0,0,1
1352,Nanai-Williams,Arrière,2016-2017,0,0,1
1353,Nanai-Williams,Arrière,2017-2018,1,6,11
1354,Nanai-Williams,Arrière,2018-2019,4,47,41
1355,Nanai-Williams,Arrière,2019-2020,1,6,11
1356,Nanai-Williams,Arrière,2020-2021,3,84,31
1357,Nanai-Williams,Arrière,2021-2022,0,1,1
1358,Naqalevu,Arrière,2008-2009,0,0,1
1359,Naqalevu,Arrière,2009-2010,0,0,1
1360,Naqalevu,Arrière,2010-2011,0,0,1
1361,Naqalevu,Arrière,2011-2012,0,0,1
1362,Naqalevu,Arrière,2012-2013,0,0,1
1363,Naqalevu,Arrière,2013-2014,0,0,1
1364,Naqalevu,Arrière,2014-2015,0,0,1
1365,Naqalevu,Arrière,2015-2016,0,0,1
1366,Naqalevu,Arrière,2016-2017,0,0,1
1367,Naqalevu,Arrière,2017-2018,2,8,21
1368,Naqalevu,Arrière,2018-2019,3,105,31
1369,Naqalevu,Arrière,2019-2020,2,47,21
1370,Naqalevu,Arrière,2020-2021,1,74,11
1371,Naqalevu,Arrière,2021-2022,2,12,21
1372,Nathan Charles,Avant,2008-2009,0,0,1
1373,Nathan Charles,Avant,2009-2010,0,0,1
1374,Nathan Charles,Avant,2010-2011,0,0,1
1375,Nathan Charles,Avant,2011-2012,0,0,1
1376,Nathan Charles,Avant,2012-2013,0,0,1
1377,Nathan Charles,Avant,2013-2014,0,0,1
1378,Nathan Charles,Avant,2014-2015,0,0,1
1379,Nathan Charles,Avant,2015-2016,0,0,1
1380,Nathan Charles,Avant,2016-2017,2,12,21
1381,Nathan Charles,Avant,2017-2018,0,0,1
1382,Nathan Charles,Avant,2018-2019,0,0,1
1383,Nathan Charles,Avant,2019-2020,0,1,1
1384,Nathan Charles,Avant,2020-2021,0,0,1
1385,Nathan Charles,Avant,2021-2022,0,0,1
1386,Natriashvili,Avant,2008-2009,0,0,1
1387,Natriashvili,Avant,2009-2010,0,0,1
1388,Natriashvili,Avant,2010-2011,0,0,1
1389,Natriashvili,Avant,2011-2012,0,5,1
1390,Natriashvili,Avant,2012-2013,0,0,1
1391,Natriashvili,Avant,2013-2014,0,0,1
1392,Natriashvili,Avant,2014-2015,1,5,11
1393,Natriashvili,Avant,2015-2016,0,9,1
1394,Natriashvili,Avant,2016-2017,0,0,1
1395,Natriashvili,Avant,2017-2018,0,0,1
1396,Natriashvili,Avant,2018-2019,0,0,1
1397,Natriashvili,Avant,2019-2020,0,0,1
1398,Natriashvili,Avant,2020-2021,0,0,1
1399,Natriashvili,Avant,2021-2022,0,0,1
1400,Nicoué,Arrière,2008-2009,0,0,1
1401,Nicoué,Arrière,2009-2010,0,0,1
1402,Nicoué,Arrière,2010-2011,0,0,1
1403,Nicoué,Arrière,2011-2012,0,0,1
1404,Nicoué,Arrière,2012-2013,0,0,1
1405,Nicoué,Arrière,2013-2014,0,0,1
1406,Nicoué,Arrière,2014-2015,0,4,1
1407,Nicoué,Arrière,2015-2016,0,9,1
1408,Nicoué,Arrière,2016-2017,0,4,1
1409,Nicoué,Arrière,2017-2018,0,12,1
1410,Nicoué,Arrière,2018-2019,0,0,1
1411,Nicoué,Arrière,2019-2020,0,0,1
1412,Nicoué,Arrière,2020-2021,0,0,1
1413,Nicoué,Arrière,2021-2022,0,0,1
1414,Ojovan,Avant,2008-2009,0,0,1
1415,Ojovan,Avant,2009-2010,0,0,1
1416,Ojovan,Avant,2010-2011,0,0,1
1417,Ojovan,Avant,2011-2012,0,0,1
1418,Ojovan,Avant,2012-2013,0,0,1
1419,Ojovan,Avant,2013-2014,0,0,1
1420,Ojovan,Avant,2014-2015,0,0,1
1421,Ojovan,Avant,2015-2016,0,0,1
1422,Ojovan,Avant,2016-2017,0,0,1
1423,Ojovan,Avant,2017-2018,0,0,1
1424,Ojovan,Avant,2018-2019,0,0,1
1425,Ojovan,Avant,2019-2020,1,6,11
1426,Ojovan,Avant,2020-2021,1,65,11
1427,Ojovan,Avant,2021-2022,0,27,1
1428,Oléon,Avant,2008-2009,0,0,1
1429,Oléon,Avant,2009-2010,0,0,1
1430,Oléon,Avant,2010-2011,0,0,1
1431,Oléon,Avant,2011-2012,2,10,21
1432,Oléon,Avant,2012-2013,1,13,11
1433,Oléon,Avant,2013-2014,1,2,11
1434,Oléon,Avant,2014-2015,0,0,1
1435,Oléon,Avant,2015-2016,0,3,1
1436,Oléon,Avant,2016-2017,0,1,1
1437,Oléon,Avant,2017-2018,0,0,1
1438,Oléon,Avant,2018-2019,0,0,1
1439,Oléon,Avant,2019-2020,0,0,1
1440,Oléon,Avant,2020-2021,0,0,1
1441,Oléon,Avant,2021-2022,0,0,1
1442,Paige,Charnière,2008-2009,0,0,1
1443,Paige,Charnière,2009-2010,0,0,1
1444,Paige,Charnière,2010-2011,0,0,1
1445,Paige,Charnière,2011-2012,0,0,1
1446,Paige,Charnière,2012-2013,0,0,1
1447,Paige,Charnière,2013-2014,0,0,1
1448,Paige,Charnière,2014-2015,0,0,1
1449,Paige,Charnière,2015-2016,0,0,1
1450,Paige,Charnière,2016-2017,0,0,1
1451,Paige,Charnière,2017-2018,0,0,1
1452,Paige,Charnière,2018-2019,0,4,1
1453,Paige,Charnière,2019-2020,1,18,11
1454,Paige,Charnière,2020-2021,0,0,1
1455,Paige,Charnière,2021-2022,0,0,1
1456,Parra,Charnière,2008-2009,1,31,11
1457,Parra,Charnière,2009-2010,3,146,31
1458,Parra,Charnière,2010-2011,2,180,21
1459,Parra,Charnière,2011-2012,1,135,11
1460,Parra,Charnière,2012-2013,4,230,41
1461,Parra,Charnière,2013-2014,8,205,81
1462,Parra,Charnière,2014-2015,7,188,71
1463,Parra,Charnière,2015-2016,8,210,81
1464,Parra,Charnière,2016-2017,7,196,71
1465,Parra,Charnière,2017-2018,15,209,151
1466,Parra,Charnière,2018-2019,9,186,91
1467,Parra,Charnière,2019-2020,3,99,31
1468,Parra,Charnière,2020-2021,3,167,31
1469,Parra,Charnière,2021-2022,0,52,1
1470,Paulo,Avant,2008-2009,0,0,1
1471,Paulo,Avant,2009-2010,1,13,11
1472,Paulo,Avant,2010-2011,2,83,21
1473,Paulo,Avant,2011-2012,2,63,21
1474,Paulo,Avant,2012-2013,3,67,31
1475,Paulo,Avant,2013-2014,1,84,11
1476,Paulo,Avant,2014-2015,0,45,1
1477,Paulo,Avant,2015-2016,0,2,1
1478,Paulo,Avant,2016-2017,0,8,1
1479,Paulo,Avant,2017-2018,0,0,1
1480,Paulo,Avant,2018-2019,0,1,1
1481,Paulo,Avant,2019-2020,0,4,1
1482,Paulo,Avant,2020-2021,0,0,1
1483,Paulo,Avant,2021-2022,0,0,1
1484,Penaud,Arrière,2008-2009,0,0,1
1485,Penaud,Arrière,2009-2010,0,0,1
1486,Penaud,Arrière,2010-2011,0,0,1
1487,Penaud,Arrière,2011-2012,0,0,1
1488,Penaud,Arrière,2012-2013,0,0,1
1489,Penaud,Arrière,2013-2014,0,0,1
1490,Penaud,Arrière,2014-2015,0,16,1
1491,Penaud,Arrière,2015-2016,1,26,11
1492,Penaud,Arrière,2016-2017,5,99,51
1493,Penaud,Arrière,2017-2018,7,105,71
1494,Penaud,Arrière,2018-2019,5,170,51
1495,Penaud,Arrière,2019-2020,3,56,31
1496,Penaud,Arrière,2020-2021,4,96,41
1497,Penaud,Arrière,2021-2022,6,66,61
1498,Peni Ravai,Avant,2008-2009,0,0,1
1499,Peni Ravai,Avant,2009-2010,0,0,1
1500,Peni Ravai,Avant,2010-2011,0,0,1
1501,Peni Ravai,Avant,2011-2012,0,0,1
1502,Peni Ravai,Avant,2012-2013,0,0,1
1503,Peni Ravai,Avant,2013-2014,0,0,1
1504,Peni Ravai,Avant,2014-2015,0,0,1
1505,Peni Ravai,Avant,2015-2016,0,0,1
1506,Peni Ravai,Avant,2016-2017,0,0,1
1507,Peni Ravai,Avant,2017-2018,0,0,1
1508,Peni Ravai,Avant,2018-2019,0,0,1
1509,Peni Ravai,Avant,2019-2020,1,6,11
1510,Peni Ravai,Avant,2020-2021,4,45,41
1511,Peni Ravai,Avant,2021-2022,1,11,11
1512,Pisi,Arrière,2008-2009,0,2,1
1513,Pisi,Arrière,2009-2010,0,0,1
1514,Pisi,Arrière,2010-2011,4,43,41
1515,Pisi,Arrière,2011-2012,0,0,1
1516,Pisi,Arrière,2012-2013,0,7,1
1517,Pisi,Arrière,2013-2014,0,5,1
1518,Pisi,Arrière,2014-2015,0,7,1
1519,Pisi,Arrière,2015-2016,0,0,1
1520,Pisi,Arrière,2016-2017,0,0,1
1521,Pisi,Arrière,2017-2018,0,5,1
1522,Pisi,Arrière,2018-2019,0,0,1
1523,Pisi,Arrière,2019-2020,0,4,1
1524,Pisi,Arrière,2020-2021,0,0,1
1525,Pisi,Arrière,2021-2022,0,0,1
1526,Planté,Arrière,2008-2009,0,5,1
1527,Planté,Arrière,2009-2010,0,12,1
1528,Planté,Arrière,2010-2011,0,5,1
1529,Planté,Arrière,2011-2012,0,5,1
1530,Planté,Arrière,2012-2013,0,4,1
1531,Planté,Arrière,2013-2014,0,3,1
1532,Planté,Arrière,2014-2015,1,9,11
1533,Planté,Arrière,2015-2016,4,71,41
1534,Planté,Arrière,2016-2017,2,74,21
1535,Planté,Arrière,2017-2018,0,9,1
1536,Planté,Arrière,2018-2019,0,5,1
1537,Planté,Arrière,2019-2020,0,6,1
1538,Planté,Arrière,2020-2021,0,1,1
1539,Planté,Arrière,2021-2022,0,2,1
1540,Pourailly,Arrière,2008-2009,0,0,1
1541,Pourailly,Arrière,2009-2010,0,0,1
1542,Pourailly,Arrière,2010-2011,0,0,1
1543,Pourailly,Arrière,2011-2012,0,0,1
1544,Pourailly,Arrière,2012-2013,0,0,1
1545,Pourailly,Arrière,2013-2014,0,0,1
1546,Pourailly,Arrière,2014-2015,0,0,1
1547,Pourailly,Arrière,2015-2016,0,0,1
1548,Pourailly,Arrière,2016-2017,0,0,1
1549,Pourailly,Arrière,2017-2018,0,4,1
1550,Pourailly,Arrière,2018-2019,0,0,1
1551,Pourailly,Arrière,2019-2020,0,2,1
1552,Pourailly,Arrière,2020-2021,1,39,11
1553,Pourailly,Arrière,2021-2022,0,15,1
1554,Privat,Avant,2008-2009,0,62,1
1555,Privat,Avant,2009-2010,2,73,21
1556,Privat,Avant,2010-2011,3,82,31
1557,Privat,Avant,2011-2012,0,5,1
1558,Privat,Avant,2012-2013,0,9,1
1559,Privat,Avant,2013-2014,0,6,1
1560,Privat,Avant,2014-2015,0,2,1
1561,Privat,Avant,2015-2016,0,6,1
1562,Privat,Avant,2016-2017,0,9,1
1563,Privat,Avant,2017-2018,1,1,11
1564,Privat,Avant,2018-2019,0,3,1
1565,Privat,Avant,2019-2020,0,4,1
1566,Privat,Avant,2020-2021,0,2,1
1567,Privat,Avant,2021-2022,0,1,1
1568,Pélissié,Avant,2008-2009,0,0,1
1569,Pélissié,Avant,2009-2010,0,0,1
1570,Pélissié,Avant,2010-2011,0,0,1
1571,Pélissié,Avant,2011-2012,0,0,1
1572,Pélissié,Avant,2012-2013,0,0,1
1573,Pélissié,Avant,2013-2014,0,12,1
1574,Pélissié,Avant,2014-2015,0,5,1
1575,Pélissié,Avant,2015-2016,0,1,1
1576,Pélissié,Avant,2016-2017,0,0,1
1577,Pélissié,Avant,2017-2018,1,12,11
1578,Pélissié,Avant,2018-2019,0,0,1
1579,Pélissié,Avant,2019-2020,1,10,11
1580,Pélissié,Avant,2020-2021,2,81,21
1581,Pélissié,Avant,2021-2022,1,25,11
1582,Radosavljevic,Charnière,2008-2009,0,9,1
1583,Radosavljevic,Charnière,2009-2010,1,14,11
1584,Radosavljevic,Charnière,2010-2011,0,24,1
1585,Radosavljevic,Charnière,2011-2012,1,39,11
1586,Radosavljevic,Charnière,2012-2013,0,70,1
1587,Radosavljevic,Charnière,2013-2014,2,50,21
1588,Radosavljevic,Charnière,2014-2015,0,97,1
1589,Radosavljevic,Charnière,2015-2016,3,72,31
1590,Radosavljevic,Charnière,2016-2017,1,83,11
1591,Radosavljevic,Charnière,2017-2018,0,8,1
1592,Radosavljevic,Charnière,2018-2019,0,3,1
1593,Radosavljevic,Charnière,2019-2020,0,1,1
1594,Radosavljevic,Charnière,2020-2021,0,0,1
1595,Radosavljevic,Charnière,2021-2022,0,0,1
1596,Raka,Arrière,2008-2009,0,1,1
1597,Raka,Arrière,2009-2010,0,5,1
1598,Raka,Arrière,2010-2011,0,1,1
1599,Raka,Arrière,2011-2012,0,1,1
1600,Raka,Arrière,2012-2013,0,0,1
1601,Raka,Arrière,2013-2014,0,0,1
1602,Raka,Arrière,2014-2015,0,5,1
1603,Raka,Arrière,2015-2016,7,73,71
1604,Raka,Arrière,2016-2017,0,70,1
1605,Raka,Arrière,2017-2018,6,112,61
1606,Raka,Arrière,2018-2019,5,110,51
1607,Raka,Arrière,2019-2020,2,58,21
1608,Raka,Arrière,2020-2021,3,109,31
1609,Raka,Arrière,2021-2022,0,42,1
1610,Rougerie,Arrière,2008-2009,2,106,21
1611,Rougerie,Arrière,2009-2010,1,121,11
1612,Rougerie,Arrière,2010-2011,2,124,21
1613,Rougerie,Arrière,2011-2012,0,105,1
1614,Rougerie,Arrière,2012-2013,5,145,51
1615,Rougerie,Arrière,2013-2014,2,150,21
1616,Rougerie,Arrière,2014-2015,2,162,21
1617,Rougerie,Arrière,2015-2016,6,142,61
1618,Rougerie,Arrière,2016-2017,1,111,11
1619,Rougerie,Arrière,2017-2018,4,85,41
1620,Rougerie,Arrière,2018-2019,0,4,1
1621,Rougerie,Arrière,2019-2020,0,6,1
1622,Rougerie,Arrière,2020-2021,0,2,1
1623,Rougerie,Arrière,2021-2022,0,6,1
1624,Roulin,Avant,2008-2009,0,1,1
1625,Roulin,Avant,2009-2010,0,2,1
1626,Roulin,Avant,2010-2011,0,2,1
1627,Roulin,Avant,2011-2012,0,3,1
1628,Roulin,Avant,2012-2013,0,4,1
1629,Roulin,Avant,2013-2014,1,13,11
1630,Roulin,Avant,2014-2015,0,0,1
1631,Roulin,Avant,2015-2016,0,1,1
1632,Roulin,Avant,2016-2017,0,0,1
1633,Roulin,Avant,2017-2018,0,0,1
1634,Roulin,Avant,2018-2019,0,0,1
1635,Roulin,Avant,2019-2020,0,0,1
1636,Roulin,Avant,2020-2021,0,0,1
1637,Roulin,Avant,2021-2022,0,0,1
1638,Roux,Avant,2008-2009,3,23,31
1639,Roux,Avant,2009-2010,0,5,1
1640,Roux,Avant,2010-2011,0,16,1
1641,Roux,Avant,2011-2012,0,8,1
1642,Roux,Avant,2012-2013,0,20,1
1643,Roux,Avant,2013-2014,0,33,1
1644,Roux,Avant,2014-2015,0,24,1
1645,Roux,Avant,2015-2016,0,31,1
1646,Roux,Avant,2016-2017,0,15,1
1647,Roux,Avant,2017-2018,0,16,1
1648,Roux,Avant,2018-2019,0,6,1
1649,Roux,Avant,2019-2020,0,9,1
1650,Roux,Avant,2020-2021,0,6,1
1651,Roux,Avant,2021-2022,0,5,1
1652,Ruaud,Avant,2008-2009,0,0,1
1653,Ruaud,Avant,2009-2010,0,0,1
1654,Ruaud,Avant,2010-2011,0,0,1
1655,Ruaud,Avant,2011-2012,0,0,1
1656,Ruaud,Avant,2012-2013,0,0,1
1657,Ruaud,Avant,2013-2014,0,0,1
1658,Ruaud,Avant,2014-2015,0,0,1
1659,Ruaud,Avant,2015-2016,0,5,1
1660,Ruaud,Avant,2016-2017,0,7,1
1661,Ruaud,Avant,2017-2018,0,27,1
1662,Ruaud,Avant,2018-2019,0,21,1
1663,Ruaud,Avant,2019-2020,1,7,11
1664,Ruaud,Avant,2020-2021,0,0,1
1665,Ruaud,Avant,2021-2022,0,0,1
1666,Rude,Avant,2008-2009,0,4,1
1667,Rude,Avant,2009-2010,0,11,1
1668,Rude,Avant,2010-2011,0,18,1
1669,Rude,Avant,2011-2012,0,27,1
1670,Rude,Avant,2012-2013,0,17,1
1671,Rude,Avant,2013-2014,0,11,1
1672,Rude,Avant,2014-2015,0,18,1
1673,Rude,Avant,2015-2016,1,26,11
1674,Rude,Avant,2016-2017,0,13,1
1675,Rude,Avant,2017-2018,0,16,1
1676,Rude,Avant,2018-2019,0,16,1
1677,Rude,Avant,2019-2020,0,18,1
1678,Rude,Avant,2020-2021,0,14,1
1679,Rude,Avant,2021-2022,0,6,1
1680,Russell,Arrière,2008-2009,2,71,21
1681,Russell,Arrière,2009-2010,0,70,1
1682,Russell,Arrière,2010-2011,0,27,1
1683,Russell,Arrière,2011-2012,0,47,1
1684,Russell,Arrière,2012-2013,0,1,1
1685,Russell,Arrière,2013-2014,0,0,1
1686,Russell,Arrière,2014-2015,0,0,1
1687,Russell,Arrière,2015-2016,0,0,1
1688,Russell,Arrière,2016-2017,0,0,1
1689,Russell,Arrière,2017-2018,0,4,1
1690,Russell,Arrière,2018-2019,0,9,1
1691,Russell,Arrière,2019-2020,0,14,1
1692,Russell,Arrière,2020-2021,0,6,1
1693,Russell,Arrière,2021-2022,0,2,1
1694,Samson,Avant,2008-2009,0,26,1
1695,Samson,Avant,2009-2010,0,40,1
1696,Samson,Avant,2010-2011,0,4,1
1697,Samson,Avant,2011-2012,0,8,1
1698,Samson,Avant,2012-2013,0,18,1
1699,Samson,Avant,2013-2014,1,20,11
1700,Samson,Avant,2014-2015,0,4,1
1701,Samson,Avant,2015-2016,0,4,1
1702,Samson,Avant,2016-2017,0,2,1
1703,Samson,Avant,2017-2018,0,3,1
1704,Samson,Avant,2018-2019,0,1,1
1705,Samson,Avant,2019-2020,0,1,1
1706,Samson,Avant,2020-2021,0,0,1
1707,Samson,Avant,2021-2022,0,0,1
1708,Sanga,Charnière,2008-2009,0,0,1
1709,Sanga,Charnière,2009-2010,0,0,1
1710,Sanga,Charnière,2010-2011,0,0,1
1711,Sanga,Charnière,2011-2012,0,0,1
1712,Sanga,Charnière,2012-2013,0,0,1
1713,Sanga,Charnière,2013-2014,0,0,1
1714,Sanga,Charnière,2014-2015,0,3,1
1715,Sanga,Charnière,2015-2016,1,40,11
1716,Sanga,Charnière,2016-2017,0,12,1
1717,Sanga,Charnière,2017-2018,0,2,1
1718,Sanga,Charnière,2018-2019,0,1,1
1719,Sanga,Charnière,2019-2020,0,0,1
1720,Sanga,Charnière,2020-2021,0,0,1
1721,Sanga,Charnière,2021-2022,0,0,1
1722,Scelzo,Avant,2008-2009,2,45,21
1723,Scelzo,Avant,2009-2010,3,66,31
1724,Scelzo,Avant,2010-2011,1,54,11
1725,Scelzo,Avant,2011-2012,0,1,1
1726,Scelzo,Avant,2012-2013,0,0,1
1727,Scelzo,Avant,2013-2014,0,1,1
1728,Scelzo,Avant,2014-2015,0,0,1
1729,Scelzo,Avant,2015-2016,0,3,1
1730,Scelzo,Avant,2016-2017,0,1,1
1731,Scelzo,Avant,2017-2018,0,0,1
1732,Scelzo,Avant,2018-2019,0,2,1
1733,Scelzo,Avant,2019-2020,0,2,1
1734,Scelzo,Avant,2020-2021,0,1,1
1735,Scelzo,Avant,2021-2022,0,1,1
1736,Senio,Charnière,2008-2009,0,87,1
1737,Senio,Charnière,2009-2010,2,79,21
1738,Senio,Charnière,2010-2011,0,48,1
1739,Senio,Charnière,2011-2012,1,53,11
1740,Senio,Charnière,2012-2013,0,26,1
1741,Senio,Charnière,2013-2014,0,1,1
1742,Senio,Charnière,2014-2015,0,5,1
1743,Senio,Charnière,2015-2016,0,2,1
1744,Senio,Charnière,2016-2017,0,0,1
1745,Senio,Charnière,2017-2018,0,0,1
1746,Senio,Charnière,2018-2019,0,1,1
1747,Senio,Charnière,2019-2020,0,2,1
1748,Senio,Charnière,2020-2021,0,0,1
1749,Senio,Charnière,2021-2022,0,1,1
1750,Septar,Arrière,2008-2009,0,0,1
1751,Septar,Arrière,2009-2010,0,0,1
1752,Septar,Arrière,2010-2011,0,0,1
1753,Septar,Arrière,2011-2012,0,0,1
1754,Septar,Arrière,2012-2013,0,0,1
1755,Septar,Arrière,2013-2014,0,0,1
1756,Septar,Arrière,2014-2015,0,0,1
1757,Septar,Arrière,2015-2016,0,8,1
1758,Septar,Arrière,2016-2017,0,9,1
1759,Septar,Arrière,2017-2018,0,12,1
1760,Septar,Arrière,2018-2019,0,4,1
1761,Septar,Arrière,2019-2020,0,3,1
1762,Septar,Arrière,2020-2021,0,1,1
1763,Septar,Arrière,2021-2022,0,1,1
1764,Simutoga,Avant,2008-2009,0,0,1
1765,Simutoga,Avant,2009-2010,0,0,1
1766,Simutoga,Avant,2010-2011,0,1,1
1767,Simutoga,Avant,2011-2012,0,0,1
1768,Simutoga,Avant,2012-2013,0,0,1
1769,Simutoga,Avant,2013-2014,0,1,1
1770,Simutoga,Avant,2014-2015,0,15,1
1771,Simutoga,Avant,2015-2016,2,30,21
1772,Simutoga,Avant,2016-2017,0,15,1
1773,Simutoga,Avant,2017-2018,0,25,1
1774,Simutoga,Avant,2018-2019,1,52,11
1775,Simutoga,Avant,2019-2020,0,0,1
1776,Simutoga,Avant,2020-2021,0,6,1
1777,Simutoga,Avant,2021-2022,0,1,1
1778,Sivivatu,Arrière,2008-2009,0,0,1
1779,Sivivatu,Arrière,2009-2010,0,0,1
1780,Sivivatu,Arrière,2010-2011,1,9,11
1781,Sivivatu,Arrière,2011-2012,3,75,31
1782,Sivivatu,Arrière,2012-2013,1,108,11
1783,Sivivatu,Arrière,2013-2014,0,118,1
1784,Sivivatu,Arrière,2014-2015,0,10,1
1785,Sivivatu,Arrière,2015-2016,0,5,1
1786,Sivivatu,Arrière,2016-2017,0,0,1
1787,Sivivatu,Arrière,2017-2018,0,1,1
1788,Sivivatu,Arrière,2018-2019,0,0,1
1789,Sivivatu,Arrière,2019-2020,0,0,1
1790,Sivivatu,Arrière,2020-2021,0,1,1
1791,Sivivatu,Arrière,2021-2022,0,0,1
1792,Skrela,Charnière,2008-2009,0,10,1
1793,Skrela,Charnière,2009-2010,0,2,1
1794,Skrela,Charnière,2010-2011,1,25,11
1795,Skrela,Charnière,2011-2012,5,125,51
1796,Skrela,Charnière,2012-2013,1,113,11
1797,Skrela,Charnière,2013-2014,0,10,1
1798,Skrela,Charnière,2014-2015,0,2,1
1799,Skrela,Charnière,2015-2016,0,0,1
1800,Skrela,Charnière,2016-2017,0,0,1
1801,Skrela,Charnière,2017-2018,0,0,1
1802,Skrela,Charnière,2018-2019,0,0,1
1803,Skrela,Charnière,2019-2020,0,0,1
1804,Skrela,Charnière,2020-2021,0,0,1
1805,Skrela,Charnière,2021-2022,0,0,1
1806,Slimani,Avant,2008-2009,0,2,1
1807,Slimani,Avant,2009-2010,0,2,1
1808,Slimani,Avant,2010-2011,0,3,1
1809,Slimani,Avant,2011-2012,0,2,1
1810,Slimani,Avant,2012-2013,0,3,1
1811,Slimani,Avant,2013-2014,0,19,1
1812,Slimani,Avant,2014-2015,0,19,1
1813,Slimani,Avant,2015-2016,0,27,1
1814,Slimani,Avant,2016-2017,1,23,11
1815,Slimani,Avant,2017-2018,3,105,31
1816,Slimani,Avant,2018-2019,4,86,41
1817,Slimani,Avant,2019-2020,2,49,21
1818,Slimani,Avant,2020-2021,1,69,11
1819,Slimani,Avant,2021-2022,0,33,1
1820,Spedding,Arrière,2008-2009,0,1,1
1821,Spedding,Arrière,2009-2010,0,3,1
1822,Spedding,Arrière,2010-2011,0,3,1
1823,Spedding,Arrière,2011-2012,0,7,1
1824,Spedding,Arrière,2012-2013,0,6,1
1825,Spedding,Arrière,2013-2014,0,2,1
1826,Spedding,Arrière,2014-2015,2,35,21
1827,Spedding,Arrière,2015-2016,8,143,81
1828,Spedding,Arrière,2016-2017,4,110,41
1829,Spedding,Arrière,2017-2018,3,68,31
1830,Spedding,Arrière,2018-2019,0,2,1
1831,Spedding,Arrière,2019-2020,0,0,1
1832,Spedding,Arrière,2020-2021,0,0,1
1833,Spedding,Arrière,2021-2022,0,0,1
1834,Stanley,Arrière,2008-2009,0,0,1
1835,Stanley,Arrière,2009-2010,0,0,1
1836,Stanley,Arrière,2010-2011,0,1,1
1837,Stanley,Arrière,2011-2012,2,9,21
1838,Stanley,Arrière,2012-2013,1,88,11
1839,Stanley,Arrière,2013-2014,1,81,11
1840,Stanley,Arrière,2014-2015,0,83,1
1841,Stanley,Arrière,2015-2016,3,53,31
1842,Stanley,Arrière,2016-2017,1,62,11
1843,Stanley,Arrière,2017-2018,0,8,1
1844,Stanley,Arrière,2018-2019,1,5,11
1845,Stanley,Arrière,2019-2020,1,4,11
1846,Stanley,Arrière,2020-2021,0,2,1
1847,Stanley,Arrière,2021-2022,1,1,11
1848,Strettle,Arrière,2008-2009,0,0,1
1849,Strettle,Arrière,2009-2010,0,0,1
1850,Strettle,Arrière,2010-2011,0,10,1
1851,Strettle,Arrière,2011-2012,0,2,1
1852,Strettle,Arrière,2012-2013,0,1,1
1853,Strettle,Arrière,2013-2014,0,4,1
1854,Strettle,Arrière,2014-2015,1,18,11
1855,Strettle,Arrière,2015-2016,5,121,51
1856,Strettle,Arrière,2016-2017,4,104,41
1857,Strettle,Arrière,2017-2018,1,67,11
1858,Strettle,Arrière,2018-2019,0,0,1
1859,Strettle,Arrière,2019-2020,0,1,1
1860,Strettle,Arrière,2020-2021,0,0,1
1861,Strettle,Arrière,2021-2022,0,0,1
1862,Swanepoel,Arrière,2008-2009,0,0,1
1863,Swanepoel,Arrière,2009-2010,0,1,1
1864,Swanepoel,Arrière,2010-2011,0,8,1
1865,Swanepoel,Arrière,2011-2012,0,15,1
1866,Swanepoel,Arrière,2012-2013,0,0,1
1867,Swanepoel,Arrière,2013-2014,0,6,1
1868,Swanepoel,Arrière,2014-2015,0,4,1
1869,Swanepoel,Arrière,2015-2016,0,1,1
1870,Swanepoel,Arrière,2016-2017,0,0,1
1871,Swanepoel,Arrière,2017-2018,0,0,1
1872,Swanepoel,Arrière,2018-2019,0,0,1
1873,Swanepoel,Arrière,2019-2020,0,0,1
1874,Swanepoel,Arrière,2020-2021,0,0,1
1875,Swanepoel,Arrière,2021-2022,0,0,1
1876,Tadjer,Avant,2008-2009,0,0,1
1877,Tadjer,Avant,2009-2010,0,0,1
1878,Tadjer,Avant,2010-2011,0,0,1
1879,Tadjer,Avant,2011-2012,0,0,1
1880,Tadjer,Avant,2012-2013,0,0,1
1881,Tadjer,Avant,2013-2014,0,0,1
1882,Tadjer,Avant,2014-2015,0,0,1
1883,Tadjer,Avant,2015-2016,0,1,1
1884,Tadjer,Avant,2016-2017,0,0,1
1885,Tadjer,Avant,2017-2018,1,2,11
1886,Tadjer,Avant,2018-2019,1,7,11
1887,Tadjer,Avant,2019-2020,1,28,11
1888,Tadjer,Avant,2020-2021,0,0,1
1889,Tadjer,Avant,2021-2022,0,1,1
1890,Tani Vili,Arrière,2008-2009,0,0,1
1891,Tani Vili,Arrière,2009-2010,0,0,1
1892,Tani Vili,Arrière,2010-2011,0,0,1
1893,Tani Vili,Arrière,2011-2012,0,0,1
1894,Tani Vili,Arrière,2012-2013,0,0,1
1895,Tani Vili,Arrière,2013-2014,0,0,1
1896,Tani Vili,Arrière,2014-2015,0,0,1
1897,Tani Vili,Arrière,2015-2016,0,0,1
1898,Tani Vili,Arrière,2016-2017,0,2,1
1899,Tani Vili,Arrière,2017-2018,0,5,1
1900,Tani Vili,Arrière,2018-2019,0,7,1
1901,Tani Vili,Arrière,2019-2020,0,8,1
1902,Tani Vili,Arrière,2020-2021,0,27,1
1903,Tani Vili,Arrière,2021-2022,2,19,21
1904,Taofifénua,Arrière,2008-2009,0,0,1
1905,Taofifénua,Arrière,2009-2010,0,0,1
1906,Taofifénua,Arrière,2010-2011,0,0,1
1907,Taofifénua,Arrière,2011-2012,0,0,1
1908,Taofifénua,Arrière,2012-2013,0,0,1
1909,Taofifénua,Arrière,2013-2014,0,0,1
1910,Taofifénua,Arrière,2014-2015,0,0,1
1911,Taofifénua,Arrière,2015-2016,0,1,1
1912,Taofifénua,Arrière,2016-2017,0,0,1
1913,Taofifénua,Arrière,2017-2018,0,0,1
1914,Taofifénua,Arrière,2018-2019,0,0,1
1915,Taofifénua,Arrière,2019-2020,0,0,1
1916,Taofifénua,Arrière,2020-2021,0,0,1
1917,Taofifénua,Arrière,2021-2022,0,0,1
1918,Thibaud Lanen,Avant,2008-2009,0,0,1
1919,Thibaud Lanen,Avant,2009-2010,0,0,1
1920,Thibaud Lanen,Avant,2010-2011,0,0,1
1921,Thibaud Lanen,Avant,2011-2012,0,0,1
1922,Thibaud Lanen,Avant,2012-2013,0,0,1
1923,Thibaud Lanen,Avant,2013-2014,0,0,1
1924,Thibaud Lanen,Avant,2014-2015,0,0,1
1925,Thibaud Lanen,Avant,2015-2016,0,0,1
1926,Thibaud Lanen,Avant,2016-2017,0,0,1
1927,Thibaud Lanen,Avant,2017-2018,0,0,1
1928,Thibaud Lanen,Avant,2018-2019,0,0,1
1929,Thibaud Lanen,Avant,2019-2020,0,2,1
1930,Thibaud Lanen,Avant,2020-2021,1,24,11
1931,Thibaud Lanen,Avant,2021-2022,0,14,1
1932,Tiberghien,Arrière,2008-2009,0,0,1
1933,Tiberghien,Arrière,2009-2010,0,0,1
1934,Tiberghien,Arrière,2010-2011,0,0,1
1935,Tiberghien,Arrière,2011-2012,0,0,1
1936,Tiberghien,Arrière,2012-2013,0,0,1
1937,Tiberghien,Arrière,2013-2014,0,0,1
1938,Tiberghien,Arrière,2014-2015,0,0,1
1939,Tiberghien,Arrière,2015-2016,0,0,1
1940,Tiberghien,Arrière,2016-2017,0,0,1
1941,Tiberghien,Arrière,2017-2018,0,0,1
1942,Tiberghien,Arrière,2018-2019,0,1,1
1943,Tiberghien,Arrière,2019-2020,0,10,1
1944,Tiberghien,Arrière,2020-2021,0,46,1
1945,Tiberghien,Arrière,2021-2022,0,34,1
1946,Timani,Avant,2008-2009,0,0,1
1947,Timani,Avant,2009-2010,0,0,1
1948,Timani,Avant,2010-2011,0,0,1
1949,Timani,Avant,2011-2012,0,0,1
1950,Timani,Avant,2012-2013,0,2,1
1951,Timani,Avant,2013-2014,0,3,1
1952,Timani,Avant,2014-2015,0,1,1
1953,Timani,Avant,2015-2016,1,6,11
1954,Timani,Avant,2016-2017,2,75,21
1955,Timani,Avant,2017-2018,2,71,21
1956,Timani,Avant,2018-2019,0,88,1
1957,Timani,Avant,2019-2020,1,41,11
1958,Timani,Avant,2020-2021,1,50,11
1959,Timani,Avant,2021-2022,0,0,1
1960,Toeava,Arrière,2008-2009,0,0,1
1961,Toeava,Arrière,2009-2010,0,0,1
1962,Toeava,Arrière,2010-2011,0,0,1
1963,Toeava,Arrière,2011-2012,0,0,1
1964,Toeava,Arrière,2012-2013,0,0,1
1965,Toeava,Arrière,2013-2014,0,0,1
1966,Toeava,Arrière,2014-2015,0,0,1
1967,Toeava,Arrière,2015-2016,5,33,51
1968,Toeava,Arrière,2016-2017,5,72,51
1969,Toeava,Arrière,2017-2018,5,77,51
1970,Toeava,Arrière,2018-2019,4,76,41
1971,Toeava,Arrière,2019-2020,2,48,21
1972,Toeava,Arrière,2020-2021,0,5,1
1973,Toeava,Arrière,2021-2022,0,0,1
1974,Treilles,Arrière,2008-2009,0,0,1
1975,Treilles,Arrière,2009-2010,0,0,1
1976,Treilles,Arrière,2010-2011,0,0,1
1977,Treilles,Arrière,2011-2012,0,0,1
1978,Treilles,Arrière,2012-2013,0,0,1
1979,Treilles,Arrière,2013-2014,0,0,1
1980,Treilles,Arrière,2014-2015,0,0,1
1981,Treilles,Arrière,2015-2016,0,0,1
1982,Treilles,Arrière,2016-2017,0,0,1
1983,Treilles,Arrière,2017-2018,0,0,1
1984,Treilles,Arrière,2018-2019,0,6,1
1985,Treilles,Arrière,2019-2020,0,5,1
1986,Treilles,Arrière,2020-2021,0,4,1
1987,Treilles,Arrière,2021-2022,0,0,1
1988,Trussardi,Charnière,2008-2009,0,0,1
1989,Trussardi,Charnière,2009-2010,0,0,1
1990,Trussardi,Charnière,2010-2011,0,0,1
1991,Trussardi,Charnière,2011-2012,0,0,1
1992,Trussardi,Charnière,2012-2013,0,0,1
1993,Trussardi,Charnière,2013-2014,0,0,1
1994,Trussardi,Charnière,2014-2015,0,0,1
1995,Trussardi,Charnière,2015-2016,0,0,1
1996,Trussardi,Charnière,2016-2017,0,0,1
1997,Trussardi,Charnière,2017-2018,2,40,21
1998,Trussardi,Charnière,2018-2019,0,0,1
1999,Trussardi,Charnière,2019-2020,0,0,1
2000,Trussardi,Charnière,2020-2021,0,0,1
2001,Trussardi,Charnière,2021-2022,0,0,1
2002,Tuicuvu,Arrière,2008-2009,0,0,1
2003,Tuicuvu,Arrière,2009-2010,0,0,1
2004,Tuicuvu,Arrière,2010-2011,0,0,1
2005,Tuicuvu,Arrière,2011-2012,0,0,1
2006,Tuicuvu,Arrière,2012-2013,0,0,1
2007,Tuicuvu,Arrière,2013-2014,0,0,1
2008,Tuicuvu,Arrière,2014-2015,0,0,1
2009,Tuicuvu,Arrière,2015-2016,0,9,1
2010,Tuicuvu,Arrière,2016-2017,1,20,11
2011,Tuicuvu,Arrière,2017-2018,1,31,11
2012,Tuicuvu,Arrière,2018-2019,4,57,41
2013,Tuicuvu,Arrière,2019-2020,4,20,41
2014,Tuicuvu,Arrière,2020-2021,0,10,1
2015,Tuicuvu,Arrière,2021-2022,0,0,1
2016,Uhila,Avant,2008-2009,0,0,1
2017,Uhila,Avant,2009-2010,0,0,1
2018,Uhila,Avant,2010-2011,0,0,1
2019,Uhila,Avant,2011-2012,0,0,1
2020,Uhila,Avant,2012-2013,0,0,1
2021,Uhila,Avant,2013-2014,0,0,1
2022,Uhila,Avant,2014-2015,0,0,1
2023,Uhila,Avant,2015-2016,0,0,1
2024,Uhila,Avant,2016-2017,1,5,11
2025,Uhila,Avant,2017-2018,3,34,31
2026,Uhila,Avant,2018-2019,2,77,21
2027,Uhila,Avant,2019-2020,1,33,11
2028,Uhila,Avant,2020-2021,0,1,1
2029,Uhila,Avant,2021-2022,0,0,1
2030,Ulugia,Avant,2008-2009,0,0,1
2031,Ulugia,Avant,2009-2010,0,0,1
2032,Ulugia,Avant,2010-2011,0,0,1
2033,Ulugia,Avant,2011-2012,0,0,1
2034,Ulugia,Avant,2012-2013,0,0,1
2035,Ulugia,Avant,2013-2014,1,9,11
2036,Ulugia,Avant,2014-2015,1,66,11
2037,Ulugia,Avant,2015-2016,5,83,51
2038,Ulugia,Avant,2016-2017,4,77,41
2039,Ulugia,Avant,2017-2018,0,43,1
2040,Ulugia,Avant,2018-2019,2,93,21
2041,Ulugia,Avant,2019-2020,1,43,11
2042,Ulugia,Avant,2020-2021,0,2,1
2043,Ulugia,Avant,2021-2022,0,0,1
2044,Vahaamahina,Avant,2008-2009,0,0,1
2045,Vahaamahina,Avant,2009-2010,0,0,1
2046,Vahaamahina,Avant,2010-2011,0,7,1
2047,Vahaamahina,Avant,2011-2012,0,4,1
2048,Vahaamahina,Avant,2012-2013,0,19,1
2049,Vahaamahina,Avant,2013-2014,2,33,21
2050,Vahaamahina,Avant,2014-2015,3,110,31
2051,Vahaamahina,Avant,2015-2016,10,131,101
2052,Vahaamahina,Avant,2016-2017,4,111,41
2053,Vahaamahina,Avant,2017-2018,6,90,61
2054,Vahaamahina,Avant,2018-2019,2,118,21
2055,Vahaamahina,Avant,2019-2020,1,41,11
2056,Vahaamahina,Avant,2020-2021,5,84,51
2057,Vahaamahina,Avant,2021-2022,2,37,21
2058,Van Der Merwe,Avant,2008-2009,0,0,1
2059,Van Der Merwe,Avant,2009-2010,0,3,1
2060,Van Der Merwe,Avant,2010-2011,0,7,1
2061,Van Der Merwe,Avant,2011-2012,0,6,1
2062,Van Der Merwe,Avant,2012-2013,0,6,1
2063,Van Der Merwe,Avant,2013-2014,0,14,1
2064,Van Der Merwe,Avant,2014-2015,2,18,21
2065,Van Der Merwe,Avant,2015-2016,8,90,81
2066,Van Der Merwe,Avant,2016-2017,3,89,31
2067,Van Der Merwe,Avant,2017-2018,3,72,31
2068,Van Der Merwe,Avant,2018-2019,0,58,1
2069,Van Der Merwe,Avant,2019-2020,0,1,1
2070,Van Der Merwe,Avant,2020-2021,1,4,11
2071,Van Der Merwe,Avant,2021-2022,0,2,1
2072,Van Der Westhuisen,Avant,2008-2009,0,0,1
2073,Van Der Westhuisen,Avant,2009-2010,0,0,1
2074,Van Der Westhuisen,Avant,2010-2011,0,0,1
2075,Van Der Westhuisen,Avant,2011-2012,0,0,1
2076,Van Der Westhuisen,Avant,2012-2013,0,0,1
2077,Van Der Westhuisen,Avant,2013-2014,0,0,1
2078,Van Der Westhuisen,Avant,2014-2015,0,0,1
2079,Van Der Westhuisen,Avant,2015-2016,0,3,1
2080,Van Der Westhuisen,Avant,2016-2017,0,0,1
2081,Van Der Westhuisen,Avant,2017-2018,0,0,1
2082,Van Der Westhuisen,Avant,2018-2019,0,0,1
2083,Van Der Westhuisen,Avant,2019-2020,0,0,1
2084,Van Der Westhuisen,Avant,2020-2021,0,0,1
2085,Van Der Westhuisen,Avant,2021-2022,0,0,1
2086,Van Tonder,Avant,2008-2009,0,0,1
2087,Van Tonder,Avant,2009-2010,0,0,1
2088,Van Tonder,Avant,2010-2011,0,0,1
2089,Van Tonder,Avant,2011-2012,0,0,1
2090,Van Tonder,Avant,2012-2013,0,0,1
2091,Van Tonder,Avant,2013-2014,0,0,1
2092,Van Tonder,Avant,2014-2015,0,0,1
2093,Van Tonder,Avant,2015-2016,0,0,1
2094,Van Tonder,Avant,2016-2017,0,2,1
2095,Van Tonder,Avant,2017-2018,0,8,1
2096,Van Tonder,Avant,2018-2019,2,47,21
2097,Van Tonder,Avant,2019-2020,1,24,11
2098,Van Tonder,Avant,2020-2021,4,43,41
2099,Van Tonder,Avant,2021-2022,1,24,11
2100,Veredamu,Avant,2008-2009,0,0,1
2101,Veredamu,Avant,2009-2010,0,0,1
2102,Veredamu,Avant,2010-2011,0,0,1
2103,Veredamu,Avant,2011-2012,0,0,1
2104,Veredamu,Avant,2012-2013,0,0,1
2105,Veredamu,Avant,2013-2014,0,0,1
2106,Veredamu,Avant,2014-2015,0,0,1
2107,Veredamu,Avant,2015-2016,0,0,1
2108,Veredamu,Avant,2016-2017,0,0,1
2109,Veredamu,Avant,2017-2018,0,0,1
2110,Veredamu,Avant,2018-2019,0,0,1
2111,Veredamu,Avant,2019-2020,1,3,11
2112,Veredamu,Avant,2020-2021,2,29,21
2113,Veredamu,Avant,2021-2022,0,3,1
2114,Vermeulen,Avant,2008-2009,0,93,1
2115,Vermeulen,Avant,2009-2010,2,88,21
2116,Vermeulen,Avant,2010-2011,0,72,1
2117,Vermeulen,Avant,2011-2012,0,86,1
2118,Vermeulen,Avant,2012-2013,1,80,11
2119,Vermeulen,Avant,2013-2014,2,56,21
2120,Vermeulen,Avant,2014-2015,1,6,11
2121,Vermeulen,Avant,2015-2016,1,15,11
2122,Vermeulen,Avant,2016-2017,0,7,1
2123,Vermeulen,Avant,2017-2018,0,3,1
2124,Vermeulen,Avant,2018-2019,0,1,1
2125,Vermeulen,Avant,2019-2020,0,3,1
2126,Vermeulen,Avant,2020-2021,0,1,1
2127,Vermeulen,Avant,2021-2022,0,1,1
2128,Viallard,Charnière,2008-2009,0,0,1
2129,Viallard,Charnière,2009-2010,0,0,1
2130,Viallard,Charnière,2010-2011,0,0,1
2131,Viallard,Charnière,2011-2012,0,0,1
2132,Viallard,Charnière,2012-2013,0,0,1
2133,Viallard,Charnière,2013-2014,0,0,1
2134,Viallard,Charnière,2014-2015,0,0,1
2135,Viallard,Charnière,2015-2016,0,0,1
2136,Viallard,Charnière,2016-2017,0,0,1
2137,Viallard,Charnière,2017-2018,0,0,1
2138,Viallard,Charnière,2018-2019,0,13,1
2139,Viallard,Charnière,2019-2020,0,3,1
2140,Viallard,Charnière,2020-2021,1,33,11
2141,Viallard,Charnière,2021-2022,1,31,11
2142,Vosloo,Avant,2008-2009,0,4,1
2143,Vosloo,Avant,2009-2010,0,2,1
2144,Vosloo,Avant,2010-2011,2,14,21
2145,Vosloo,Avant,2011-2012,1,71,11
2146,Vosloo,Avant,2012-2013,1,58,11
2147,Vosloo,Avant,2013-2014,0,95,1
2148,Vosloo,Avant,2014-2015,0,3,1
2149,Vosloo,Avant,2015-2016,0,2,1
2150,Vosloo,Avant,2016-2017,0,0,1
2151,Vosloo,Avant,2017-2018,0,0,1
2152,Vosloo,Avant,2018-2019,0,0,1
2153,Vosloo,Avant,2019-2020,0,0,1
2154,Vosloo,Avant,2020-2021,0,1,1
2155,Vosloo,Avant,2021-2022,0,0,1
2156,VuliVuli,Arrière,2008-2009,0,0,1
2157,VuliVuli,Arrière,2009-2010,0,0,1
2158,VuliVuli,Arrière,2010-2011,0,7,1
2159,VuliVuli,Arrière,2011-2012,0,0,1
2160,VuliVuli,Arrière,2012-2013,0,0,1
2161,VuliVuli,Arrière,2013-2014,0,0,1
2162,VuliVuli,Arrière,2014-2015,1,5,11
2163,VuliVuli,Arrière,2015-2016,1,68,11
2164,VuliVuli,Arrière,2016-2017,0,3,1
2165,VuliVuli,Arrière,2017-2018,0,2,1
2166,VuliVuli,Arrière,2018-2019,0,1,1
2167,VuliVuli,Arrière,2019-2020,0,0,1
2168,VuliVuli,Arrière,2020-2021,0,0,1
2169,VuliVuli,Arrière,2021-2022,0,0,1
2170,Wepener,Avant,2008-2009,1,11,11
2171,Wepener,Avant,2009-2010,0,52,1
2172,Wepener,Avant,2010-2011,1,27,11
2173,Wepener,Avant,2011-2012,0,0,1
2174,Wepener,Avant,2012-2013,0,0,1
2175,Wepener,Avant,2013-2014,0,0,1
2176,Wepener,Avant,2014-2015,0,0,1
2177,Wepener,Avant,2015-2016,0,0,1
2178,Wepener,Avant,2016-2017,0,0,1
2179,Wepener,Avant,2017-2018,0,0,1
2180,Wepener,Avant,2018-2019,0,0,1
2181,Wepener,Avant,2019-2020,0,0,1
2182,Wepener,Avant,2020-2021,0,0,1
2183,Wepener,Avant,2021-2022,0,0,1
2184,White,Avant,2008-2009,1,18,11
2185,White,Avant,2009-2010,2,54,21
2186,White,Avant,2010-2011,0,44,1
2187,White,Avant,2011-2012,1,53,11
2188,White,Avant,2012-2013,0,3,1
2189,White,Avant,2013-2014,0,1,1
2190,White,Avant,2014-2015,0,4,1
2191,White,Avant,2015-2016,0,23,1
2192,White,Avant,2016-2017,0,20,1
2193,White,Avant,2017-2018,1,5,11
2194,White,Avant,2018-2019,0,1,1
2195,White,Avant,2019-2020,1,3,11
2196,White,Avant,2020-2021,0,3,1
2197,White,Avant,2021-2022,0,0,1
2198,Williams,Arrière,2008-2009,0,6,1
2199,Williams,Arrière,2009-2010,2,66,21
2200,Williams,Arrière,2010-2011,2,69,21
2201,Williams,Arrière,2011-2012,1,37,11
2202,Williams,Arrière,2012-2013,0,25,1
2203,Williams,Arrière,2013-2014,0,43,1
2204,Williams,Arrière,2014-2015,0,11,1
2205,Williams,Arrière,2015-2016,0,7,1
2206,Williams,Arrière,2016-2017,0,8,1
2207,Williams,Arrière,2017-2018,0,0,1
2208,Williams,Arrière,2018-2019,0,78,1
2209,Williams,Arrière,2019-2020,4,23,41
2210,Williams,Arrière,2020-2021,0,26,1
2211,Williams,Arrière,2021-2022,0,0,1
2212,Wooldridge,Avant,2008-2009,0,0,1
2213,Wooldridge,Avant,2009-2010,0,0,1
2214,Wooldridge,Avant,2010-2011,0,0,1
2215,Wooldridge,Avant,2011-2012,0,0,1
2216,Wooldridge,Avant,2012-2013,0,0,1
2217,Wooldridge,Avant,2013-2014,0,0,1
2218,Wooldridge,Avant,2014-2015,0,0,1
2219,Wooldridge,Avant,2015-2016,1,12,11
2220,Wooldridge,Avant,2016-2017,0,0,1
2221,Wooldridge,Avant,2017-2018,0,0,1
2222,Wooldridge,Avant,2018-2019,0,0,1
2223,Wooldridge,Avant,2019-2020,0,0,1
2224,Wooldridge,Avant,2020-2021,0,0,1
2225,Wooldridge,Avant,2021-2022,0,0,1
2226,Yato,Avant,2008-2009,1,3,11
2227,Yato,Avant,2009-2010,0,1,1
2228,Yato,Avant,2010-2011,0,2,1
2229,Yato,Avant,2011-2012,0,0,1
2230,Yato,Avant,2012-2013,0,4,1
2231,Yato,Avant,2013-2014,0,6,1
2232,Yato,Avant,2014-2015,4,60,41
2233,Yato,Avant,2015-2016,6,75,61
2234,Yato,Avant,2016-2017,6,85,61
2235,Yato,Avant,2017-2018,5,94,51
2236,Yato,Avant,2018-2019,7,149,71
2237,Yato,Avant,2019-2020,7,53,71
2238,Yato,Avant,2020-2021,6,84,61
2239,Yato,Avant,2021-2022,2,27,21
2240,Zirakashvili,Avant,2008-2009,0,50,1
2241,Zirakashvili,Avant,2009-2010,1,80,11
2242,Zirakashvili,Avant,2010-2011,2,70,21
2243,Zirakashvili,Avant,2011-2012,2,50,21
2244,Zirakashvili,Avant,2012-2013,0,58,1
2245,Zirakashvili,Avant,2013-2014,0,75,1
2246,Zirakashvili,Avant,2014-2015,2,83,21
2247,Zirakashvili,Avant,2015-2016,11,90,111
2248,Zirakashvili,Avant,2016-2017,6,80,61
2249,Zirakashvili,Avant,2017-2018,2,54,21
2250,Zirakashvili,Avant,2018-2019,2,75,21
2251,Zirakashvili,Avant,2019-2020,2,41,21
2252,Zirakashvili,Avant,2020-2021,0,6,1
2253,Zirakashvili,Avant,2021-2022,0,2,1
